1周あたりのドロップ率（％）,,,,,,,,,,,,,,,,,,,,,,,,,,,,,,,,,,,,,,,,,,,,,,,,,,,,,,,,,,,,,,,,,,,,,,,,,,,,,,,,,,,,,,,,,,,,,,,,,,,,,,,,,,,,,,,,,,,,,,,,,,,,,,,
エリア,クエスト名,AP,サンプル数,銅素材,,,,,,,,,,,銀素材,,,,,,,,,,,,,,,,,,,,,,金素材,,,,,,,,,,,,,,,,,,クエスト名,輝石,,,,,,,,魔石,,,,,,,,秘石,,,,,,,クエスト名,ピース,,,,,,,,モニュ,,,,,,,,猛火,,,,,,,クエスト名,基本絆P,EXP,QP,肖像,,ランチタイム,,,肖像+ランチタイム,,,ティータイム（茶）,,,肖像+ﾌﾚﾃｨｰﾀｲﾑ凸,,,ランチ+茶凸,,,3種,,,
,,,,証,骨,牙,塵,鎖,毒針,髄液,鉄杭,火薬,小鐘,,種,ﾗﾝﾀﾝ,八連,蛇玉,羽根,歯車,頁,ホム,蹄鉄,勲章,貝殻,勾玉,結氷,指輪,ｵｰﾛﾗ,鈴,矢尻,冠,霊子,糸玉,鱗粉,,爪,心臓,逆鱗,根,幼角,涙石,脂,ﾗﾝﾌﾟ,ｽｶﾗﾍﾞ,産毛,胆石,神酒,炉心,鏡,卵,ｶｹﾗ,実,鬼灯,,剣,弓,槍,騎,術,殺,狂,,剣,弓,槍,騎,術,殺,狂,,剣,弓,槍,騎,術,殺,狂,,剣,弓,槍,騎,術,殺,狂,,剣,弓,槍,騎,術,殺,狂,,剣,弓,槍,騎,術,殺,狂,,,,,肖像1,肖像2,未凸1,凸1,凸2,像1+凸1,像2+凸1,像1+凸2,ﾌﾚ凸1,自凸1,凸2,像1+茶1,像2+茶1,像1+茶2,ラ+ﾌﾚ茶1,ラ2+自茶,ラ1+茶2,像+ﾗ+ﾌﾚ茶,像2+ﾗ+自茶,像+ﾗ2+自茶,像+ﾗ+茶2
修練場（月）,弓超級,40,10134,18.0,,,24.2,,,,,,,,18.9,,,,20.1,,,,19.2,,,,,,,,,,,,,,,,,,,12.7,,,,,,,,,,,,,弓超級,,19.1,,,,,,,,119.8,,,,,,,,29.7,,,,,,弓超級,,81.1,,,,,,,,57.9,,,,,,,,,,,,,,弓超級,615,"15,690","6,400",665,715,627,676,738,726,776,788,707,645,738,757,745,788,768,768,799,818,807,818,849
修練場（月）,弓上級,30,1260,11.6,,,20.5,,,,,,,,14.9,,,,9.1,,,,13.4,,,,,,,,,,,,,,,,,,,5.5,,,,,,,,,,,,,弓上級,,19.5,,,,,,,,153.3,,,,,,,,15.0,,,,,,弓上級,,106.8,,,,,,,,34.2,,,,,,,,,,,,,,弓上級,415,"5,690","4,400",465,515,423,456,498,506,556,548,477,435,498,527,535,548,518,518,539,568,577,568,589
修練場（月）,弓中級,20,1157,7.9,30.2,1.2,15.1,,,,,,,,15.3,,,,0.7,,,,10.3,,,,,,,,,,,,,,,,,,,,,,,,,,,,,,,,弓中級,,135.9,,,,,,,,37.8,,,,,,,,,,,,,,弓中級,,67.8,,,,,,,,6.5,,,,,,,,,,,,,,弓中級,265,"1,385","2,900",315,365,270,291,318,341,391,368,304,278,318,354,378,368,331,331,344,381,404,381,394
修練場（月）,弓初級,10,1610,10.8,24.3,3.7,5.3,,,,,,,,,,,,,,,,5.1,,,,,,,,,,,,,,,,,,,,,,,,,,,,,,,,弓初級,,134.5,,,,,,,,,,,,,,,,,,,,,,弓初級,,22.7,,,,,,,,1.9,,,,,,,,,,,,,,弓初級,115,275,"1,400",165,215,117,126,138,176,226,188,132,120,138,182,220,188,143,143,149,193,232,193,199
修練場（火）,槍超級,40,6345,19.4,,,23.4,,,,,,,,25.8,,,,11.0,,,21.1,,,,,,,,,,,,,,,,,,,12.8,,,,,,,,,,,,,,槍超級,,,18.6,,,,,,,,118.9,,,,,,,,27.3,,,,,槍超級,,,77.7,,,,,,,,54.9,,,,,,,,,,,,,槍超級,615,"15,690","6,400",665,715,627,676,738,726,776,788,707,645,738,757,745,788,768,768,799,818,807,818,849
修練場（火）,槍上級,30,1082,15.9,,,21.1,,,,,,,,19.1,,,,8.6,,,17.9,,,,,,,,,,,,,,,,,,,5.9,,,,,,,,,,,,,,槍上級,,,17.4,,,,,,,,148.8,,,,,,,,16.5,,,,,槍上級,,,99.2,,,,,,,,34.5,,,,,,,,,,,,,槍上級,415,"5,690","4,400",465,515,423,456,498,506,556,548,477,435,498,527,535,548,518,518,539,568,577,568,589
修練場（火）,槍中級,20,1051,7.9,18.6,,15.1,,,,,,,,12.1,,,,,,,10.1,,,,,,,,,,,,,,,,,,,,,,,,,,,,,,,,,槍中級,,,116.2,,,,,,,,59.7,,,,,,,,,,,,,槍中級,,,71.0,,,,,,,,8.3,,,,,,,,,,,,,槍中級,265,"1,385","2,900",315,365,270,291,318,341,391,368,304,278,318,354,378,368,331,331,344,381,404,381,394
修練場（火）,槍初級,10,1999,11.9,26.6,,5.4,,,,,,,,,,,,,,,4.9,,,,,,,,,,,,,,,,,,,,,,,,,,,,,,,,,槍初級,,,117.3,,,,,,,,,,,,,,,,,,,,,槍初級,,,23.4,,,,,,,,2.3,,,,,,,,,,,,,槍初級,115,275,"1,400",165,215,117,126,138,176,226,188,132,120,138,182,220,188,143,143,149,193,232,193,199
修練場（水）,狂超級,40,3165,23.7,,,23.0,,,,,,,,,,15.7,,,,,,,,,,,,,,,,,,,,8.2,,,,,,,,,,,,,,,,,,狂超級,,,,,,,16.7,,,,,,,,112.7,,,,,,,,24.1,狂超級,,,,,,,86.2,,,,,,,,55.2,,,,,,,,,狂超級,615,"15,690","6,400",665,715,627,676,738,726,776,788,707,645,738,757,745,788,768,768,799,818,807,818,849
修練場（水）,狂上級,30,1000,13.4,,,19.5,,,,,,,,,,13.4,,,,,,,,,,,,,,,,,,,,7.7,,,,,,,,,,,,,,,,,,狂上級,,,,,,,16.4,,,,,,,,136.2,,,,,,,,12.6,狂上級,,,,,,,103.3,,,,,,,,39.4,,,,,,,,,狂上級,415,"5,690","4,400",465,515,423,456,498,506,556,548,477,435,498,527,535,548,518,518,539,568,577,568,589
修練場（水）,狂中級,20,1059,6.1,,,19.4,,,,,,,,,,11.4,,,,,,,,,,,,,,,,,,,,3.2,,,,,,,,,,,,,,,,,,狂中級,,,,,,,127.7,,,,,,,,62.6,,,,,,,,,狂中級,,,,,,,69.2,,,,,,,,7.8,,,,,,,,,狂中級,265,"1,385","2,900",315,365,270,291,318,341,391,368,304,278,318,354,378,368,331,331,344,381,404,381,394
修練場（水）,狂初級,10,1001,11.0,,,3.8,,,,,,,,,,5.3,,,,,,,,,,,,,,,,,,,,,,,,,,,,,,,,,,,,,,狂初級,,,,,,,134.1,,,,,,,,,,,,,,,,,狂初級,,,,,,,18.8,,,,,,,,1.6,,,,,,,,,狂初級,115,275,"1,400",165,215,117,126,138,176,226,188,132,120,138,182,220,188,143,143,149,193,232,193,199
修練場（木）,騎超級,40,4118,,,46.8,16.5,,,,,,,,,,,,,,,,19.5,,,,,,,,,,,,,,,,7.4,,,,,,,,,,,,,,,,騎超級,,,,22.1,,,,,,,,94.8,,,,,,,,39.4,,,,騎超級,,,,77.4,,,,,,,,58.3,,,,,,,,,,,,騎超級,615,"15,690","6,400",665,715,627,676,738,726,776,788,707,645,738,757,745,788,768,768,799,818,807,818,849
修練場（木）,騎上級,30,2151,,,45.7,12.9,,,,,,,,,,,,,,,,15.1,,,,,,,,,,,,,,,,2.9,,,,,,,,,,,,,,,,騎上級,,,,23.5,,,,,,,,120.7,,,,,,,,24.0,,,,騎上級,,,,103.3,,,,,,,,39.4,,,,,,,,,,,,騎上級,415,"5,690","4,400",465,515,423,456,498,506,556,548,477,435,498,527,535,548,518,518,539,568,577,568,589
修練場（木）,騎中級,20,1106,,,25.6,15.3,,,,,,,,,,,,,,,,10.6,,,,,,,,,,,,,,,,,,,,,,,,,,,,,,,,騎中級,,,,90.4,,,,,,,,92.7,,,,,,,,,,,,騎中級,,,,70.7,,,,,,,,7.1,,,,,,,,,,,,騎中級,265,"1,385","2,900",315,365,270,291,318,341,391,368,304,278,318,354,378,368,331,331,344,381,404,381,394
修練場（木）,騎初級,10,1000,,,16.2,3.4,,,,,,,,,,,,,,,,5.0,,,,,,,,,,,,,,,,,,,,,,,,,,,,,,,,騎初級,,,,118.4,,,,,,,,,,,,,,,,,,,,騎初級,,,,22.5,,,,,,,,1.7,,,,,,,,,,,,騎初級,115,275,"1,400",165,215,117,126,138,176,226,188,132,120,138,182,220,188,143,143,149,193,232,193,199
修練場（金）,術超級,40,12170,,,,24.5,,,,,,,,,,,24.9,,,20.6,,,,,,,,,,,,,,,,,6.3,,,,,,,,,,,,,,,,,術超級,,,,,10.8,,,,,,,,90.8,,,,,,,,76.2,,,術超級,,,,,81.1,,,,,,,,57.0,,,,,,,,,,,術超級,615,"15,690","6,400",665,715,627,676,738,726,776,788,707,645,738,757,745,788,768,768,799,818,807,818,849
修練場（金）,術上級,30,1461,,,,21.0,,,,,,,,,,,22.3,,,15.2,,,,,,,,,,,,,,,,,3.7,,,,,,,,,,,,,,,,,術上級,,,,,4.8,,,,,,,,171.5,,,,,,,,23.1,,,術上級,,,,,96.2,,,,,,,,32.5,,,,,,,,,,,術上級,415,"5,690","4,400",465,515,423,456,498,506,556,548,477,435,498,527,535,548,518,518,539,568,577,568,589
修練場（金）,術中級,20,1085,,,,21.1,,,,,,,,,,,15.1,,,9.7,,,,,,,,,,,,,,,,,,,,,,,,,,,,,,,,,,術中級,,,,,97.2,,,,,,,,78.5,,,,,,,,,,,術中級,,,,,83.7,,,,,,,,6.7,,,,,,,,,,,術中級,265,"1,385","2,900",315,365,270,291,318,341,391,368,304,278,318,354,378,368,331,331,344,381,404,381,394
修練場（金）,術初級,10,3041,,,,13.4,,,,,,,,,,,8.0,,,4.7,,,,,,,,,,,,,,,,,,,,,,,,,,,,,,,,,,術初級,,,,,124.1,,,,,,,,11.5,,,,,,,,,,,術初級,,,,,32.3,,,,,,,,1.9,,,,,,,,,,,術初級,115,275,"1,400",165,215,117,126,138,176,226,188,132,120,138,182,220,188,143,143,149,193,232,193,199
修練場（土）,殺超級,40,6925,,,14.3,19.1,,,,,,,,31.2,18.4,,,,0.9,,,,,,,,,,,,,,,,,,,,,,,12.0,,,,,,,,,,,,殺超級,,,,,,15.4,,,,,,,,118.1,,,,,,,,25.3,,殺超級,,,,,,79.8,,,,,,,,57.4,,,,,,,,,,殺超級,615,"15,690","6,400",665,715,627,676,738,726,776,788,707,645,738,757,745,788,768,768,799,818,807,818,849
修練場（土）,殺上級,30,1209,,,9.9,13.2,,,,,,,,15.6,16.1,,,,15.9,,,,,,,,,,,,,,,,,,,,,,,5.9,,,,,,,,,,,,殺上級,,,,,,15.8,,,,,,,,146.7,,,,,,,,15.3,,殺上級,,,,,,102.4,,,,,,,,37.1,,,,,,,,,,殺上級,415,"5,690","4,400",465,515,423,456,498,506,556,548,477,435,498,527,535,548,518,518,539,568,577,568,589
修練場（土）,殺中級,20,1106,,,17.3,16.2,,,,,,,,8.8,2.5,,,,9.9,,,,,,,,,,,,,,,,,,,,,,,,,,,,,,,,,,,殺中級,,,,,,82.4,,,,,,,,110.8,,,,,,,,,,殺中級,,,,,,67.0,,,,,,,,7.6,,,,,,,,,,殺中級,265,"1,385","2,900",315,365,270,291,318,341,391,368,304,278,318,354,378,368,331,331,344,381,404,381,394
修練場（土）,殺初級,10,1170,,,12.9,11.5,,,,,,,,,2.7,,,,9.2,,,,,,,,,,,,,,,,,,,,,,,,,,,,,,,,,,,殺初級,,,,,,130.7,,,,,,,,,,,,,,,,,,殺初級,,,,,,28.4,,,,,,,,2.7,,,,,,,,,,殺初級,115,275,"1,400",165,215,117,126,138,176,226,188,132,120,138,182,220,188,143,143,149,193,232,193,199
修練場（日）,剣超級,40,27855,18.8,,,22.5,,,,,,,,26.7,,,,10.6,20.4,,,,,20.5,,,,,,,,,,,,,,,8.0,,,,,,,,,,,,,,,剣超級,23.6,,,,,,,,116.5,,,,,,,,27.7,,,,,,,剣超級,73.2,,,,,,,,53.8,,,,,,,,,,,,,,,剣超級,615,"15,690","6,400",665,715,627,676,738,726,776,788,707,645,738,757,745,788,768,768,799,818,807,818,849
修練場（日）,剣上級,30,3856,13.9,,,20.0,,,,,,,,24.0,,,,17.3,14.3,,,,,15.6,,,,,,,,,,,,,,,3.9,,,,,,,,,,,,,,,剣上級,25.7,,,,,,,,134.2,,,,,,,,5.0,,,,,,,剣上級,99.8,,,,,,,,34.6,,,,,,,,,,,,,,,剣上級,415,"5,690","4,400",465,515,423,456,498,506,556,548,477,435,498,527,535,548,518,518,539,568,577,568,589
修練場（日）,剣中級,20,1069,10.9,,,16.0,,,,,,,,12.9,,,,,8.6,,,,,9.7,,,,,,,,,,,,,,,,,,,,,,,,,,,,,,剣中級,111.2,,,,,,,,79.1,,,,,,,,,,,,,,,剣中級,69.0,,,,,,,,7.8,,,,,,,,,,,,,,,剣中級,265,"1,385","2,900",315,365,270,291,318,341,391,368,304,278,318,354,378,368,331,331,344,381,404,381,394
修練場（日）,剣初級,10,29049,9.1,23.5,3.6,5.0,,,,,,,,,,,,,4.5,,,,,4.7,,,,,,,,,,,,,,,,,,,,,,,,,,,,,,剣初級,125.1,,,,,,,,,,,,,,,,,,,,,,,剣初級,21.9,,,,,,,,2.1,,,,,,,,,,,,,,,剣初級,115,275,"1,400",165,215,117,126,138,176,226,188,132,120,138,182,220,188,143,143,149,193,232,193,199
エリア,クエスト名,AP,サンプル数,銅素材,,,,,,,,,,,銀素材,,,,,,,,,,,,,,,,,,,,,,金素材,,,,,,,,,,,,,,,,,,クエスト名,輝石,,,,,,,,魔石,,,,,,,,秘石,,,,,,,クエスト名,ピース,,,,,,,,モニュ,,,,,,,,猛火,,,,,,,クエスト名,基本絆P,EXP,QP,肖像,,ランチタイム,,,肖像+ランチタイム,,,ティータイム（茶）,,,肖像+ﾌﾚﾃｨｰﾀｲﾑ凸,,,ランチ+茶凸,,,3種,,,
,,,,証,骨,牙,塵,鎖,毒針,髄液,鉄杭,火薬,小鐘,,種,ﾗﾝﾀﾝ,八連,蛇玉,羽根,歯車,頁,ホム,蹄鉄,勲章,貝殻,勾玉,結氷,指輪,ｵｰﾛﾗ,鈴,矢尻,冠,霊子,糸玉,鱗粉,,爪,心臓,逆鱗,根,幼角,涙石,脂,ﾗﾝﾌﾟ,ｽｶﾗﾍﾞ,産毛,胆石,神酒,炉心,鏡,卵,ｶｹﾗ,実,鬼灯,,剣,弓,槍,騎,術,殺,狂,,剣,弓,槍,騎,術,殺,狂,,剣,弓,槍,騎,術,殺,狂,,剣,弓,槍,騎,術,殺,狂,,剣,弓,槍,騎,術,殺,狂,,剣,弓,槍,騎,術,殺,狂,,,,,肖像1,肖像2,未凸1,凸1,凸2,像1+凸1,像2+凸1,像1+凸2,ﾌﾚ凸1,自凸1,凸2,像1+茶1,像2+茶1,像1+茶2,ラ+ﾌﾚ茶1,ラ2+自茶,ラ1+茶2,像+ﾗ+ﾌﾚ茶,像2+ﾗ+自茶,像+ﾗ2+自茶,像+ﾗ+茶2
冬木,X-A（屋敷跡）,3,775336,,7.5,,,,,,,,,,,,,,,,,,,,,,,,,,,,,,,,,,,,,,,,,,,,,,,,,,X-A（屋敷跡）,14.9,,,,,,,,,,,,,,,,,,,,,,,X-A（屋敷跡）,,,,,,,,,,,,,,,,,,,,,,,,X-A（屋敷跡）,25,4,650,75,125,25,27,30,77,127,80,28,26,30,78,126,80,31,31,32,81,128,81,82
冬木,X-B（爆心地）,4,2479,,13.8,,,,,,,,,,,,,,,,,,,,,,,,,,,,,,,,,,,,,,,,,,,,,,,,,,X-B（爆心地）,14.1,,10.4,,,,,,,,,,,,,,,,,,,,,X-B（爆心地）,,,,,,,,,,,,,,,,,,,,,,,,X-B（爆心地）,35,14,780,85,135,35,38,42,88,138,92,40,36,42,90,136,92,43,43,45,93,140,93,95
冬木,X-C（大橋）,4,79694,,17.9,,,,,,,,,,,,,,,,,,,,,,,,,,,,,,,,,,,,,,,,,,,,,,,,,,X-C（大橋）,19.5,,14.9,,,,,,,,,,,,,,,,,,,,,X-C（大橋）,,,,,,,,,,,,,,,,,,,,,,,,X-C（大橋）,35,14,780,85,135,35,38,42,88,138,92,40,36,42,90,136,92,43,43,45,93,140,93,95
冬木,X-D（港）,5,2305,,20.6,,,,,,,,,,,,,,,,,,,,,,,,,,,,,,,,,,,,,,,,,,,,,,,,,,X-D（港）,23.3,20.0,,,,,,,,,,,,,,,,,,,,,,X-D（港）,,,,,,,,,,,,,,,,,,,,,,,,X-D（港）,55,24,"1,040",105,155,56,60,66,110,160,116,63,57,66,113,157,116,68,68,71,118,163,118,121
冬木,X-E（教会）,5,3485,,16.2,,4.5,,,,,,,,,,,,,,,,,,,,,,,,,,,,,,,,,,,,,,,,,,,,,,,,X-E（教会）,18.5,10.5,,,,,,,,,,,,,,,,,,,,,,X-E（教会）,,,,5.2,,,,,,,,,,,,,,,,,,,,X-E（教会）,75,64,"1,300",125,175,76,82,90,132,182,140,86,78,90,136,178,140,93,93,97,143,186,143,147
冬木,X-F（校舎）,6,7428,,16.9,,8.0,,,,,,,,,,,,,,,,,,,,,,,,,,,,,,,,,,,,,,,,,,,,,,,,X-F（校舎）,15.3,15.1,,,,,,,,,,,,,,,,,,,,,,X-F（校舎）,,,4.9,,,4.4,,,,,,,,,,,,,,,,,,X-F（校舎）,95,124,"1,560",145,195,96,104,114,154,204,164,109,99,114,159,199,164,118,118,123,168,209,168,173
冬木,X-G（燃え盛る森）,15,153087,,63.8,,,,,,,,,,,,,,,,,,,,,,,,,,,,,,,,,,,,,,,,,,,,,,,,,,X-G（燃え盛る森）,9.3,4.6,18.2,,,,,,,,,,,,,,,,,,,,,X-G（燃え盛る森）,,,,,,,,,,,,,,,,,,,,,,,,X-G（燃え盛る森）,415,"4,552","5,720",465,515,423,456,498,506,556,548,477,435,498,527,535,548,518,518,539,568,577,568,589
冬木,変動座標点0号（大空洞）,7,1313,,,10.4,9.0,,,,,,,,,,,,,,,,,,,,,,,,,,,,,,,,,,,,,,,,,,,,,,,,変動座標点0号（大空洞）,5.0,6.1,,,,18.2,,,,,,,,,,,,,,,,,,変動座標点0号（大空洞）,8.9,,,,,,,,,,,,,,,,,,,,,,,変動座標点0号（大空洞）,115,220,"1,820",165,215,117,126,138,176,226,188,132,120,138,182,220,188,143,143,149,193,232,193,199
オルレアン,ドンレミ,7,1532,20.6,,,,,,,,,,,,,,,,,,,,,,,,,,,,,,,,,,,,,,,,,,,,,,,,,,,ドンレミ,26.6,,10.6,,,,,,,,,,,,,,,,,,,,,ドンレミ,,,,,,,,,,,,,,,,,,,,,,,,ドンレミ,115,220,"1,820",165,215,117,126,138,176,226,188,132,120,138,182,220,188,143,143,149,193,232,193,199
オルレアン,ヴォークルール,7,1014,,5.6,8.8,,,,,,,,,,,,,,,,,,,,,,,,,,,,,,,,,,,,,,,,,,,,,,,,,ヴォークルール,9.9,,,17.9,,,,,,,,,,,,,,,,,,,,ヴォークルール,,,,,,,,,,,,,,,,,,,,,,,,ヴォークルール,115,220,"1,820",165,215,117,126,138,176,226,188,132,120,138,182,220,188,143,143,149,193,232,193,199
オルレアン,ラ・シャリテ,7,1020,5.8,,11.6,,,,,,,,,,,,,,,,,,,,,,,,,,,,,,,,,,,,,,,,,,,,,,,,,ラ・シャリテ,,,10.8,33.3,,,,,,,,,,,,,,,,,,,,ラ・シャリテ,,,,,,,,,,,,,,,,,,,,,,,,ラ・シャリテ,115,220,"1,820",165,215,117,126,138,176,226,188,132,120,138,182,220,188,143,143,149,193,232,193,199
オルレアン,ジュラ,7,2132,,,5.0,7.6,,,,,,,,5.1,,,,,,,,,,,,,,,,,,,,,,,,,,,,,,,,,,,,,,,,ジュラ,15.3,,15.2,16.7,,7.8,,,,,,,,,,,,,,,,,,ジュラ,,,,10.3,,,,,,,,,,,,,,,,,,,,ジュラ,135,300,"2,080",185,235,137,148,162,198,248,212,155,141,162,205,241,212,168,168,175,218,255,218,225
オルレアン,リヨン,7,1213,18.8,,,7.3,,,,,,,,,,,,,,,,,,,,,,,,,,,,,,,,,,,,,,,,,,,,,,,,リヨン,26.4,,9.8,,,,,,,,,,,,,,,,,,,,,リヨン,,,,,,10.8,,,,,,,,,,,,,,,,,,リヨン,135,300,"2,080",185,235,137,148,162,198,248,212,155,141,162,205,241,212,168,168,175,218,255,218,225
オルレアン,マルセイユ,7,1680,29.8,,,,,,,,,,,,,,,,,,,,,,,,,,,,,,,,,,,,,,,,,,,,,,,,,,,マルセイユ,21.4,,25.7,,,,,,,,,,,,,,,,,,,,,マルセイユ,,,,,,,,,,,,,,,,,,,,,,,,マルセイユ,135,300,"2,080",185,235,137,148,162,198,248,212,155,141,162,205,241,212,168,168,175,218,255,218,225
オルレアン,ティエール,7,1615,,,14.2,9.1,,,,,,,,,,,,,,,,,,,,,,,,,,,,,,,,,,,,,,,,,,,,,,,,ティエール,,,,34.4,,,,,,,,,,,,,,,,,,,,ティエール,,,,,,,8.9,,,,,,,,,,,,,,,,,ティエール,135,300,"2,080",185,235,137,148,162,198,248,212,155,141,162,205,241,212,168,168,175,218,255,218,225
オルレアン,ボルドー,7,1957,,,,,,,,,,,,10.4,,,,,,,,,,,,,,,,,,,,,,,,,,,,,,,,,,,,,,,,ボルドー,8.5,,25.1,,,26.7,,,,,,,,,,,,,,,,,,ボルドー,,,,,,,,,,,,,,,,,,,,,,,,ボルドー,135,300,"2,080",185,235,137,148,162,198,248,212,155,141,162,205,241,212,168,168,175,218,255,218,225
オルレアン,オルレアン,8,1211,,13.0,10.5,8.8,,,,,,,,,,,,,,,,,,,,,,,,,,,,,,,,,,,,,,,,,,,,,,,,オルレアン,,,9.8,15.1,,,,,,,,5.8,,,,,,,,,,,,オルレアン,,,,,9.6,,,,,,,,,,,,,,,,,,,オルレアン,155,392,"2,340",205,255,158,170,186,220,270,236,178,162,186,228,262,236,193,193,201,243,278,243,251
オルレアン,パリ,13,1143,,15.8,9.8,8.2,,,,,,,,,,,,,,,,,,,,,,,,,,,,,,,,,,,,,,,,,,,,,,,,パリ,,13.6,,10.2,,,,,,,,5.2,,,,,,,,,,,,パリ,2.0,2.2,1.1,,,,,,,,,,,,,,,,,,,,,パリ,315,"1,752","4,420",365,415,321,346,378,396,446,428,362,330,378,412,430,428,393,393,409,443,462,443,459
セプテム,アッピア街道,9,1280,35.1,,,7.7,,,,,,,,,,,,,,,,,,,,,,,,,,,,,,,,,,,,,,,,,,,,,,,,アッピア街道,13.5,14.8,8.8,,,,,,,,,,,,,,,,,,,,,アッピア街道,,,,,,,9.2,,,,,,,,,,,,,,,,,アッピア街道,175,504,"2,600",225,275,178,192,210,242,292,260,201,183,210,251,283,260,218,218,227,268,301,268,277
セプテム,ローマ,9,1811,22.7,,,,,,,,,,,,,,,,,,,,,,,,,,,,,,,,,,,,,,,,,,,,,,,,,,,ローマ,24.4,,10.7,,,,,,,,,,,,,,,,,,,,,ローマ,,,,,,,,,,,,,,,,,,,,,,,,ローマ,175,504,"2,600",225,275,178,192,210,242,292,260,201,183,210,251,283,260,218,218,227,268,301,268,277
セプテム,エトナ火山,9,1117,,,,,,,,,,,,,8.1,,,,,,,,,,,,,,,,,,,,,,,,,,,,,,,,,,,,,,,エトナ火山,,,,,,33.4,,,,,,,,,,,,,,,,,,エトナ火山,,,,,,,,,,,,,,,,,,,,,,,,エトナ火山,175,504,"2,600",225,275,178,192,210,242,292,260,201,183,210,251,283,260,218,218,227,268,301,268,277
セプテム,フロレンティア,9,1121,30.8,,,,,,,,,,,,,,,,,,,,,,,,,,,,,,,,,,,,,,,,,,,,,,,,,,,フロレンティア,5.0,25.3,10.3,,,,,,,,,,,,,,,,,,,,,フロレンティア,,,,,,,,,,,,,,,,,,,,,,,,フロレンティア,175,504,"2,600",225,275,178,192,210,242,292,260,201,183,210,251,283,260,218,218,227,268,301,268,277
セプテム,メディオラヌム,9,1101,34.9,,,,,,,,,,,,,,,,,,,,,,,,,,,,,,,,,,,,,,,,,,,,,,,,,,,メディオラヌム,16.0,,20.1,,,,,,,,,,,,,,,,,,,,,メディオラヌム,,,,,,,,,,,,,,,,,,,,,,,,メディオラヌム,175,504,"2,600",225,275,178,192,210,242,292,260,201,183,210,251,283,260,218,218,227,268,301,268,277
セプテム,ゲルマニア,15,1991,,48.5,,,,,,,,,,,,,,,,,,,,,,,,,,,,,,,,3.0,,,,,,,,,,,,,,,,,,ゲルマニア,15.3,4.9,10.0,,,,,,,,,,,,7.7,,,,,,,,,ゲルマニア,,,,,,,,,,,,,,,,,,,,,,,,ゲルマニア,415,"4,552","5,720",465,515,423,456,498,506,556,548,477,435,498,527,535,548,518,518,539,568,577,568,589
セプテム,マッシリア,9,1103,14.1,,,16.3,,,,,,,,,,,,,,,,,,,,,,,,,,,,,,,,,,,,,,,,,,,,,,,,マッシリア,10.4,,8.3,,,,,,,,,,,,,,,,,,,,,マッシリア,,,,10.2,,,10.2,,,,,,,,,,,,,,,,,マッシリア,175,504,"2,600",225,275,178,192,210,242,292,260,201,183,210,251,283,260,218,218,227,268,301,268,277
セプテム,ガリア,9,1181,14.7,,,7.9,,,,,,,,,,5.9,,,,,,,,,,,,,,,,,,,,,,,,,,,,,,,,,,,,,,ガリア,,9.1,12.2,,,,16.5,,,,,,,,,,,,,,,,,ガリア,9.2,,,,,,,,,,,,,,,,,,,,,,,ガリア,195,632,"2,860",245,295,198,214,234,264,314,284,224,204,234,274,304,284,243,243,253,293,324,293,303
セプテム,ブリタニア,10,1135,,,,,,,,,,,,11.7,,,,,,,,,,,,,,,,,,,,,,,,,,,,,,,,,,,,,,,,ブリタニア,25.2,,24.6,,,16.3,,,,,,,,,,,,,,,,,,ブリタニア,,,,,,,,,,,,,,,,,,,,,,,,ブリタニア,215,764,"3,120",265,315,219,236,258,286,336,308,247,225,258,297,325,308,268,268,279,318,347,318,329
セプテム,形ある島,9,1042,,18.8,,8.3,,,,,,,,,,,,,,,,,,,,,,,,,,,,,,,,,,,,,,,,,,,,,,,,形ある島,,23.2,5.4,,,,,,,,,,,,,,,,,,,,,形ある島,,,,,,,9.9,,,,,,,,,,,,,,,,,形ある島,195,632,"2,860",245,295,198,214,234,264,314,284,224,204,234,274,304,284,243,243,253,293,324,293,303
セプテム,連合首都,10,1175,18.0,,,7.8,,,,,,,,,,2.5,,,,,,,,,,,,,,,,,,,,,,,,,,,,,,,,,,,,,,連合首都,4.5,10.8,,,,,12.4,,,,,,,,,,,,,,,,,連合首都,,,,,,,11.1,,,,,,,,,,,,,,,,,連合首都,215,764,"3,120",265,315,219,236,258,286,336,308,247,225,258,297,325,308,268,268,279,318,347,318,329
エリア,クエスト名,AP,サンプル数,銅素材,,,,,,,,,,,銀素材,,,,,,,,,,,,,,,,,,,,,,金素材,,,,,,,,,,,,,,,,,,クエスト名,輝石,,,,,,,,魔石,,,,,,,,秘石,,,,,,,クエスト名,ピース,,,,,,,,モニュ,,,,,,,,猛火,,,,,,,クエスト名,基本絆P,EXP,QP,肖像,,ランチタイム,,,肖像+ランチタイム,,,ティータイム（茶）,,,肖像+ﾌﾚﾃｨｰﾀｲﾑ凸,,,ランチ+茶凸,,,3種,,,
,,,,証,骨,牙,塵,鎖,毒針,髄液,鉄杭,火薬,小鐘,,種,ﾗﾝﾀﾝ,八連,蛇玉,羽根,歯車,頁,ホム,蹄鉄,勲章,貝殻,勾玉,結氷,指輪,ｵｰﾛﾗ,鈴,矢尻,冠,霊子,糸玉,鱗粉,,爪,心臓,逆鱗,根,幼角,涙石,脂,ﾗﾝﾌﾟ,ｽｶﾗﾍﾞ,産毛,胆石,神酒,炉心,鏡,卵,ｶｹﾗ,実,鬼灯,,剣,弓,槍,騎,術,殺,狂,,剣,弓,槍,騎,術,殺,狂,,剣,弓,槍,騎,術,殺,狂,,剣,弓,槍,騎,術,殺,狂,,剣,弓,槍,騎,術,殺,狂,,剣,弓,槍,騎,術,殺,狂,,,,,肖像1,肖像2,未凸1,凸1,凸2,像1+凸1,像2+凸1,像1+凸2,ﾌﾚ凸1,自凸1,凸2,像1+茶1,像2+茶1,像1+茶2,ラ+ﾌﾚ茶1,ラ2+自茶,ラ1+茶2,像+ﾗ+ﾌﾚ茶,像2+ﾗ+自茶,像+ﾗ2+自茶,像+ﾗ+茶2
オケアノス,海賊船,12,7667,58.1,,,,,,,,,,,,,,,,,,,,,,,,,,,,,,,,,,,,,,,,,,,,,,,,,,,海賊船,20.2,25.6,,,,,,,,,,,,,,,,,,,,,,海賊船,,,,,,,,,,,,,,,,,,,,,,,,海賊船,295,"1,288","4,160",345,395,300,324,354,374,424,404,339,309,354,389,409,404,368,368,383,418,439,418,433
オケアノス,海賊島,13,1260,56.0,,,11.5,,,,,,,,,,,,,,,,,,,,,,,,,,,,,,,,,,,,,,,,,,,,,,,,海賊島,,24.7,,,,,16.4,,,,,,,,,,,,,,,,,海賊島,,,,9.9,,,,,,,,2.1,,,,,,,,,,,,海賊島,315,"1,752","4,420",365,415,321,346,378,396,446,428,362,330,378,412,430,428,393,393,409,443,462,443,459
オケアノス,王の住まう島,13,1159,26.8,,,12.8,,,,,,,,,,,,,,,,,,,,,,,,,,,,,,,,,,,,,,,,,,,,,,,,王の住まう島,,14.7,,,,,10.7,,,,,,,,,,,,,,,,,王の住まう島,,,,,,,11.2,,,,,,,,2.0,,,,,,,,,王の住まう島,335,"2,248","4,680",385,435,341,368,402,418,468,452,385,351,402,435,451,452,418,418,435,468,485,468,485
オケアノス,地図に記された島,13,1890,,,36.8,12.9,,,,,,,,,,,,,,,,,,,,,,,,,,,,,,,,,,,,,,,,,,,,,,,,地図に記された島,26.2,15.9,,,,,,,,,,,,,,,,,,,,,,地図に記された島,,,,,,,9.6,,,,,,,,1.6,,,,,,,,,地図に記された島,335,"2,248","4,680",385,435,341,368,402,418,468,452,385,351,402,435,451,452,418,418,435,468,485,468,485
オケアノス,暗礁海域,17,1328,,36.1,,,,,,,,,,,,,15.5,,,,,,,,,,,,,,,,,,,,,,,,,,,,,,,,,,,,,暗礁海域,,26.1,,,15.8,,,,,,,,23.2,,,,,,,,,,,暗礁海域,,,,,,,,,,,,,,,,,,,,,,,,暗礁海域,515,"8,152","7,020",565,615,525,566,618,616,666,668,592,540,618,642,640,668,643,643,669,693,692,693,719
オケアノス,潮目の海,14,1270,25.0,,,,,,,,,,,,,11.1,,,,,,,,,,,,,,,,,,,,,,,,,,,,,,,,,,,,,,潮目の海,,19.3,,,,,19.1,,,,,,,,4.5,,,,,,,,,潮目の海,,,,,,,,,,,,,,,,,,,,,,,,潮目の海,375,"3,336","5,200",425,475,382,412,450,462,512,500,431,393,450,481,493,500,468,468,487,518,531,518,537
オケアノス,翼竜の島,14,2500,,,49.6,,,,,,,,,,,,,,,,,,,,,,,,,,,,,,,,,,,,,,,,,,,,,,,,,翼竜の島,,,,43.1,,,,,,,,4.7,,,,,,,,,,,,翼竜の島,,,,,,,,,,,,,,,,,,,,,,,,翼竜の島,395,"3,928","5,460",445,495,402,434,474,484,534,524,454,414,474,504,514,524,493,493,513,543,554,543,563
オケアノス,カルデラの島,17,1588,,,,,,,,,,,,15.7,,,,,,,,12.7,,,,,,,,,,,,,,,,,,,,,,,,,,,,,,,,カルデラの島,39.0,,,34.1,,,,,,,,,,,,,,,,,,,,カルデラの島,,,,,,,,,,,,,,,,,,,,,,,,カルデラの島,555,"9,816","7,540",605,655,566,610,666,660,710,716,638,582,666,688,682,716,693,693,721,743,738,743,771
オケアノス,嵐の海域,15,1910,,,,,,,,,,,,,21.5,,,,,,,,,,,,,,,,,,,,,,,,,,,,,,,,,,,,,,,嵐の海域,,,,,,49.9,,,,,,,,,,,,,,,,,,嵐の海域,,,,,,,,,,,,,,,,,,,,,,,,嵐の海域,415,"4,552","5,720",465,515,423,456,498,506,556,548,477,435,498,527,535,548,518,518,539,568,577,568,589
オケアノス,群島（静かな入り江）,15,1430,18.1,,11.7,23.5,,,,,,,,,,,,,,,,,,,,,,,,,,,,,,,,,,,,,,,,,,,,,,,,群島（静かな入り江）,29.8,,,,,,,,,,,,,,,,,,,,,,,群島（静かな入り江）,,,,,9.6,,10.2,,,,,,2.6,,2.0,,,,,,,,,群島（静かな入り江）,435,"5,208","5,980",485,535,443,478,522,528,578,572,500,456,522,550,556,572,543,543,565,593,600,593,615
オケアノス,群島（隠された島）,16,1146,,,,,,,,,,,,,,,,,,,,,,26.5,,,,,,,,,,,,,,,,,,,,,,,,,,,,,,群島（隠された島）,46.6,,,,,,,,5.2,,,,,,,,,,,,,,,群島（隠された島）,,,,,,,,,,,,,,,,,6.2,,,,,,,群島（隠された島）,475,"6,616","6,500",525,575,484,522,570,572,622,620,546,498,570,596,598,620,593,593,617,643,646,643,667
オケアノス,豊かな海,18,18224,,,,,,,,,,,,30.0,,,,9.4,,,,,,,,,,,,,,,,,,,,,,,,,,,,,,,,,,,,豊かな海,16.1,,23.2,,,,,,,10.0,5.1,,,,,,,,,,,,,豊かな海,,,,,,,,,,,,,,,,,,,,,,,,豊かな海,615,"12,552","8,320",665,715,627,676,738,726,776,788,707,645,738,757,745,788,768,768,799,818,807,818,849
ロンドン,オールドストリート,15,1100,,,,,,,,,,,,,,,,,12.2,,,,,,,,,,,,,,,,,,,,,,,,,,,,,,,,,,,オールドストリート,,,,,,57.5,,,,,,,,,,,,,,,,,,オールドストリート,,,,,,,,,,,,,,,,,,,,,,,,オールドストリート,435,"5,208","5,980",485,535,443,478,522,528,578,572,500,456,522,550,556,572,543,543,565,593,600,593,615
ロンドン,ホワイトチャペル,15,1142,,,,10.7,,,,,,,,,,,,,11.5,,,,,,,,,,,,,,,,,,,,,,,,,,,,,,,,,,,ホワイトチャペル,,,,,,42.0,,,,,,,,4.6,,,,,,,,,,ホワイトチャペル,,,,,,8.9,,,,,,,,1.8,,,,,,,,,,ホワイトチャペル,435,"5,208","5,980",485,535,443,478,522,528,578,572,500,456,522,550,556,572,543,543,565,593,600,593,615
ロンドン,シティ・オブ・ロンドン,15,1102,,,,,,,,,,,,,,,,,,,11.4,,,,,,,,,,,,,,,,,,,,,,,,,,,,,,,,,シティ・オブ・ロンドン,,,56.5,,,,,,,,,,,,,,,,,,,,,シティ・オブ・ロンドン,,,,,,,,,,,,,,,,,,,,,,,,シティ・オブ・ロンドン,435,"5,208","5,980",485,535,443,478,522,528,578,572,500,456,522,550,556,572,543,543,565,593,600,593,615
ロンドン,ソーホー,16,1120,,,,16.3,,,,,,,,,,,,,5.8,,9.2,,,,,,,,,,,,,,,,,,,,,,,,,,,,,,,,,ソーホー,,,6.7,,,9.3,,,,,4.8,,,5.9,,,,,,,,,,ソーホー,,,,,8.6,,,,,,,,4.7,,,,,,,,,,,ソーホー,455,"5,896","6,240",505,555,464,500,546,550,600,596,523,477,546,573,577,596,568,568,591,618,623,618,641
ロンドン,ウェストミンスター,16,1113,,,,15.3,,,,,,,,,,,,,,,11.9,,,,,,,,,,,,,,,,,,,,,,,,,,,,,,,,,ウェストミンスター,,,26.6,,,,,,,,3.4,,,,,,,,,,,,,ウェストミンスター,,,,,9.3,,,,,,,,4.6,,,,,,,,,,,ウェストミンスター,455,"5,896","6,240",505,555,464,500,546,550,600,596,523,477,546,573,577,596,568,568,591,618,623,618,641
ロンドン,リージェントパーク,16,1134,,,,,,,,,,,,,,,,,9.9,4.6,,,,,,,,,,,,,,,,,,,,,,,,,,,,,,,,,,リージェントパーク,22.8,,,,21.5,,,,5.9,,,,,,,,,,,,,,,リージェントパーク,,,,,,,,,,,,,,,,,,,,,,,,リージェントパーク,455,"5,896","6,240",505,555,464,500,546,550,600,596,523,477,546,573,577,596,568,568,591,618,623,618,641
ロンドン,クラーケンウェル,18,4928,,34.8,,,,,,,,,,,,,,,24.9,,,,,,,,,,,,,,,,,,,,,,,,,,,,,,,,,,,クラーケンウェル,20.1,,,,,7.5,,,,,,,,15.3,,,,,,,,2.9,,クラーケンウェル,,,,,,,,,,,,,,,,,,,,,,,,クラーケンウェル,615,"12,552","8,320",665,715,627,676,738,726,776,788,707,645,738,757,745,788,768,768,799,818,807,818,849
ロンドン,サザーク,19,13616,,27.7,,,,,,,,,,,,,,,,,30.6,,,,,,,,,,,,,,,,,,,,,,,,,,,,,,,,,サザーク,,14.5,32.3,,,,,,,,9.5,,,,,,,,,,,,,サザーク,,,,,,,,,,,,,,,,,,,,,,,,サザーク,655,"14,536","8,840",705,755,668,720,786,770,820,836,753,687,786,803,787,836,818,818,851,868,853,868,901
ロンドン,ハイドパーク,20,19810,,36.7,,,,,,,,,,,,,,,,26.8,,,,,,,,,,,,,,,,,,,,,,,,,,,,,,,,,,ハイドパーク,,,19.1,,8.3,,,,,,,,15.4,,,,,,,,3.1,,,ハイドパーク,,,,,,,,,,,,,,,,,,,,,,,,ハイドパーク,695,"16,648","9,360",745,795,708,764,834,814,864,884,799,729,834,849,829,884,868,868,903,918,899,918,953
北米,ブラックヒルズ,17,1110,,,,,,,,,,,,,,,,,16.3,,,,,,,,,,,,,,,,,,,,,,,,,,,,,,,,,,,ブラックヒルズ,,40.6,,,,,,,,,,,,,,,,,,,,,,ブラックヒルズ,,,,,,,,,,,,,,,,,,,,,,,,ブラックヒルズ,535,"8,968","7,280",585,635,545,588,642,638,688,692,615,561,642,665,661,692,668,668,695,718,715,718,745
北米,リバートン,17,1128,42.0,,,33.0,,,,,,,,,,,,,,,,,,,,,,,,,,,,,,,,,,,,,,,,,,,,,,,,リバートン,13.4,5.2,5.1,,,,,,,,,,,,,,,,,,,,,リバートン,,,20.7,,,,,,,,7.8,,,,,,,,,,,,,リバートン,535,"8,968","7,280",585,635,545,588,642,638,688,692,615,561,642,665,661,692,668,668,695,718,715,718,745
北米,デンバー,17,1152,,,,12.2,,,,,,,,,,,,,16.8,,,,,,,,,,,,,,,,,,,,,,,,,,,,,,,,,,,デンバー,,24.1,,,,,,,,9.5,,,,,,,,,,,,,,デンバー,,,10.7,,,,,,,,2.1,,,,,,,,,,,,,デンバー,535,"8,968","7,280",585,635,545,588,642,638,688,692,615,561,642,665,661,692,668,668,695,718,715,718,745
北米,デミング,17,10731,,,61.3,,,,,,,,,,,,,,,,,,,,,,,,,,,,,,,,,,,,,,,,,,,,,,,,,デミング,,,,36.8,,,,,,,,6.7,,,,,,,,,,,,デミング,,,,,,,,,,,,,,,,,,,,,,,,デミング,555,"9,816","7,540",605,655,566,610,666,660,710,716,638,582,666,688,682,716,693,693,721,743,738,743,771
北米,ダラス,17,8081,66.4,,,,,,,,,,,,,,,,,,,,,,,,,,,,,,,,,,,,,,,,,,,,,,,,,,,ダラス,,9.7,25.8,,,,,,,,,,,,,,,,,,,,,ダラス,,,,,,,,,,,,,,,,,,,,,,,,ダラス,555,"9,816","7,540",605,655,566,610,666,660,710,716,638,582,666,688,682,716,693,693,721,743,738,743,771
北米,アルカトラズ,18,1210,51.1,,,11.3,,,,,,,,,,,,,,,,,,,,,,,,,,,,,,,,,,,,,,,,,,,,,,,,アルカトラズ,5.7,,25.3,,,,,,,,,,,,,,,,,,,,,アルカトラズ,,,,,,,9.9,,,,,,,,2.1,,,,,,,,,アルカトラズ,575,"10,696","7,800",625,675,586,632,690,682,732,740,661,603,690,711,703,740,718,718,747,768,761,768,797
北米,デモイン,18,27300,,,,16.0,,,,,,,,9.2,,,,,,,,,,,,,,,,,,,,,,20.0,,,,,,,,,,,,,,,,,,デモイン,,,,,,,,,,,,,,9.1,7.9,,,,,,,,,デモイン,,,9.2,,,,,,,,4.7,,,,,,,,,,,,,デモイン,575,"10,696","7,800",625,675,586,632,690,682,732,740,661,603,690,711,703,740,718,718,747,768,761,768,797
北米,モントゴメリー,18,4634,62.6,,,15.3,,,,,,,,,,,,,,,,,,,,,,,,,,,,,,,,,,,,,,,,,,,,,,,,モントゴメリー,,30.8,,,,,,,,,,,,,,,,,,,,,,モントゴメリー,,10.2,,,,,,,,4.1,,,,,,,,,,,,,,モントゴメリー,595,"11,608","8,060",645,695,606,654,714,704,754,764,684,624,714,734,724,764,743,743,773,793,784,793,823
北米,ラボック,18,2044,55.5,,,,,,,,,,,,,,,,,,,,,,,,,,,,,,,,,,,,,,,12.2,,,,,,,,,,,,ラボック,20.1,12.0,,,,,,,,,,,,8.9,,,,,,,,,,ラボック,,,,,,,,,,,,,,,,,,,,,,,,ラボック,615,"12,552","8,320",665,715,627,676,738,726,776,788,707,645,738,757,745,788,768,768,799,818,807,818,849
北米,アレクサンドリア,18,12910,53.6,,,,,,,,,,,,,,,,,,,,,,,,,,,,,,,,,,,,,,12.1,,,,,,,,,,,,,アレクサンドリア,14.8,4.9,10.0,,,,,,,8.0,,,,,,,,,,,,,,アレクサンドリア,,,,,,,,,,,,,,,,,,,,,,,,アレクサンドリア,615,"12,552","8,320",665,715,627,676,738,726,776,788,707,645,738,757,745,788,768,768,799,818,807,818,849
北米,カーニー,18,2205,55.5,,,,,,,,,,,,,,,,,,,,,,,,,,,,,,,,,,,,,12.4,,,,,,,,,,,,,,カーニー,13.2,,15.4,,,,,,,,9.3,,,,,,,,,,,,,カーニー,,,,,,,,,,,,,,,,,,,,,,,,カーニー,615,"12,552","8,320",665,715,627,676,738,726,776,788,707,645,738,757,745,788,768,768,799,818,807,818,849
北米,シャーロット,20,383720,48.1,,,64.2,,,,,,,,,,,,,,,,,,,,,,,,,,,,,,,,,,,,,,,,,,,,,,,,シャーロット,,8.5,8.6,,4.3,,,,,,,,,,,,,,,,,,,シャーロット,,,8.5,,,,25.4,,,,3.5,,,,10.4,,,,,,,,,シャーロット,715,"17,752","9,620",765,815,729,786,858,836,886,908,822,750,858,872,850,908,893,893,929,943,922,943,979
北米,ワシントン,20,1551,52.7,,,,,,,,,,,,,,,,,,,,,,,,,,,,,,,,,,,,8.3,,,,,,,,,,,,,,,ワシントン,14.0,5.4,4.5,,5.9,,,,,,,,,,,,3.2,,,,,,,ワシントン,,,,,,,,,,,,,,,,,87.8,,,,,,,ワシントン,745,"19,468","10,010",795,845,759,819,894,869,919,944,856,782,894,906,882,944,931,931,968,981,956,981,1018
北米,シカゴ,21,3594,,,,,,,,,,,,,,,,,40.3,,,,,,,,,,,,,,,,,,,,,,,,,,,,,,,,,,,シカゴ,,22.9,,,,,,,,16.2,,,,,,,,3.8,,,,,,シカゴ,,,,,,,,,,,,,,,,,,,,,,,,シカゴ,775,"21,256","10,400",825,875,790,852,930,902,952,980,891,813,930,941,913,980,968,968,1007,1018,991,1018,1057
エリア,クエスト名,AP,サンプル数,銅素材,,,,,,,,,,,銀素材,,,,,,,,,,,,,,,,,,,,,,金素材,,,,,,,,,,,,,,,,,,クエスト名,輝石,,,,,,,,魔石,,,,,,,,秘石,,,,,,,クエスト名,ピース,,,,,,,,モニュ,,,,,,,,猛火,,,,,,,クエスト名,基本絆P,EXP,QP,肖像,,ランチタイム,,,肖像+ランチタイム,,,ティータイム（茶）,,,肖像+ﾌﾚﾃｨｰﾀｲﾑ凸,,,ランチ+茶凸,,,3種,,,
,,,,証,骨,牙,塵,鎖,毒針,髄液,鉄杭,火薬,小鐘,,種,ﾗﾝﾀﾝ,八連,蛇玉,羽根,歯車,頁,ホム,蹄鉄,勲章,貝殻,勾玉,結氷,指輪,ｵｰﾛﾗ,鈴,矢尻,冠,霊子,糸玉,鱗粉,,爪,心臓,逆鱗,根,幼角,涙石,脂,ﾗﾝﾌﾟ,ｽｶﾗﾍﾞ,産毛,胆石,神酒,炉心,鏡,卵,ｶｹﾗ,実,鬼灯,,剣,弓,槍,騎,術,殺,狂,,剣,弓,槍,騎,術,殺,狂,,剣,弓,槍,騎,術,殺,狂,,剣,弓,槍,騎,術,殺,狂,,剣,弓,槍,騎,術,殺,狂,,剣,弓,槍,騎,術,殺,狂,,,,,肖像1,肖像2,未凸1,凸1,凸2,像1+凸1,像2+凸1,像1+凸2,ﾌﾚ凸1,自凸1,凸2,像1+茶1,像2+茶1,像1+茶2,ラ+ﾌﾚ茶1,ラ2+自茶,ラ1+茶2,像+ﾗ+ﾌﾚ茶,像2+ﾗ+自茶,像+ﾗ2+自茶,像+ﾗ+茶2
キャメロット,砂嵐の砂漠,19,75762,,63.0,,,,,,,,,,,,,,,,,,,,,,,,,,,,,,,,,,,,,,,,8.1,,,,,,,,,,砂嵐の砂漠,11.7,9.8,10.0,,,,,,,,,,,,,,,,,,3.1,,,砂嵐の砂漠,,,,,,,,,,,,,,,,,,,,,87.6,,,砂嵐の砂漠,635,"13,528","8,580",685,735,647,698,762,748,798,812,730,666,762,780,766,812,793,793,825,843,830,843,875
キャメロット,明けの砂丘,19,1102,,,,,,,,,,,,,,,14.0,,,,,,,,,,,,,,,,,,,,,,,,,,10.9,,,,,,,,,,,明けの砂丘,,,,,16.0,,,,,,,,44.3,,,,,,,,,,,明けの砂丘,,,,,,,,,,,,,,,,,,,,,80.9,,,明けの砂丘,635,"13,528","8,580",685,735,647,698,762,748,798,812,730,666,762,780,766,812,793,793,825,843,830,843,875
キャメロット,死の荒野,19,25830,,,,,65.6,,,,,,,,,,,,,,,,,,,,,,,,,,,,,,,,,,,,,,,,,,,,,,,死の荒野,,,,,,19.9,15.0,,,,,,,,,,,,,,,,,死の荒野,,,,,,,,,,,,,,,,,,,,,,,,死の荒野,655,"14,536","8,840",705,755,668,720,786,770,820,836,753,687,786,803,787,836,818,818,851,868,853,868,901
キャメロット,東の村,19,4728,,,41.6,,,,,,,,,,,,,,,,,,,,,,,,,,,,,,,,,,,16.7,,,,,,,,,,,,,,東の村,,,,40.3,,,,,,,7.7,,,,,,,,,,,,,東の村,,,,,,,,,,,,,,,,,,,,,,,,東の村,655,"14,536","8,840",705,755,668,720,786,770,820,836,753,687,786,803,787,836,818,818,851,868,853,868,901
キャメロット,円卓の砦,19,4162,44.3,,,,,,,,,,,,,,,,,,,,18.2,,,,,,,,,,,,,,,,,,,,,,,,,,,,,,,円卓の砦,9.8,,14.9,,,,,,10.2,,9.6,,,,,,,,,,,,,円卓の砦,,,,,,,,,,,,,,,,,10.0,,9.7,,,,,円卓の砦,675,"15,576","9,100",725,775,688,742,810,792,842,860,776,708,810,826,808,860,843,843,877,893,876,893,927
キャメロット,晩鐘廟,19,3062,,,,,,,,,,,,,31.6,,,,,,,,,,,,,,,,,,,,,,,,,,,,,,,,,,,,,,,晩鐘廟,,,,,,49.3,,,,,,,,2.0,,,,,,,,,,晩鐘廟,,,,,,,,,,,,,,,,,,,,,,,,晩鐘廟,675,"15,576","9,100",725,775,688,742,810,792,842,860,776,708,810,826,808,860,843,843,877,893,876,893,927
キャメロット,西の村跡,20,1582,,,,46.9,,,,,,,,,,,,,,,,,,,,,,,,,,,,,,,,,,,,,,,,,,,,,,,,西の村跡,,,,,,46.7,,,,,,,,,,,,,,,,,,西の村跡,,,,,,9.5,,,,,,,,4.0,,,,,,,,,,西の村跡,675,"15,576","9,100",725,775,688,742,810,792,842,860,776,708,810,826,808,860,843,843,877,893,876,893,927
キャメロット,アトラス院,20,1206,,,,,,,,,,,,,,,,,20.9,8.0,,,,,,,,,,,,,,,,,,,,,,,,,,,,,,,,,,アトラス院,,14.7,,,,,,,,16.1,,,15.9,,,,,,,,,,,アトラス院,,,,,,,,,,,,,,,,,,14.3,,,,,,アトラス院,695,"16,648","9,360",745,795,708,764,834,814,864,884,799,729,834,849,829,884,868,868,903,918,899,918,953
キャメロット,聖都正門,20,60867,,,,,,,,,,,,,,,,,,,,,30.2,,,,,,,,,,,,,,,,,,,,,,,,,,,,,,,聖都正門,,,,,,,,,10.3,5.3,10.3,,,,,,,,,,,,,聖都正門,,,,,,,,,,,,,,,,,9.0,4.4,8.3,,,,,聖都正門,715,"17,752","9,620",765,815,729,786,858,836,886,908,822,750,858,872,850,908,893,893,929,943,922,943,979
キャメロット,聖都市街,20,45960,36.0,,,,,,,,,,,,,27.3,,,,,,,,,,,,,,,,,,,,,,,12.1,,,,,,,,,,,,,,,聖都市街,5.1,,10.2,,,,,,,,,,,,,,3.1,,,,,,9.1,聖都市街,,,,,,,,,,,,,,,,,81.2,,,,,,,聖都市街,715,"17,752","9,620",765,815,729,786,858,836,886,908,822,750,858,872,850,908,893,893,929,943,922,943,979
キャメロット,隠れ村,21,140819,,,,,30.4,,,,,,,,,,,,,,,,,,,,,,,,,,,,,,,,,,,,16.1,,,,,,,,,,,隠れ村,,,,,,10.0,4.9,,,,,,7.9,,,,,,,,,,,隠れ村,,,,,,,,,,,,,,,,,,,,,71.9,,,隠れ村,795,"22,488","10,660",845,895,810,874,954,924,974,1004,914,834,954,964,934,1004,993,993,1033,1043,1014,1043,1083
キャメロット,王城,21,113525,,,,16.0,,,,,,,,,,,,,,,,,35.1,,,,,,,,,,,,,,,,,,,,,,,,,,,,,,,王城,,,,,,,,,24.5,,,,,,,,,,,,,,,王城,10.0,,,,,,,,4.1,,,,,,,,22.5,,,,,,,王城,815,"23,752","10,920",865,915,831,896,978,946,996,1028,937,855,978,987,955,1028,1018,1018,1059,1068,1037,1068,1109
キャメロット,無の大地,22,5522,,,,,,,,,,,,,,,,,,,,44.5,,,,,,,,,,,,,,,,,,,,,,,,,,,,,,,,無の大地,,8.5,,15.8,,,,,,,,4.4,,5.3,,,,3.2,,6.4,,,,無の大地,,,,,,,,,,,,,,,,,,,,,,,,無の大地,835,"25,048","11,180",885,935,851,918,1002,968,1018,1052,960,876,1002,1010,976,1052,1043,1043,1085,1093,1060,1093,1135
キャメロット,大神殿,22,64551,,,,,42.3,,,,,,,,,,,,,,,,,,,,,,,,,,,,,,,,,,,,,12.2,,,,,,,,,,大神殿,,,,,,4.9,14.8,,,,,,,,,,,,,,6.0,,,大神殿,,,,,,,,,,,,,,,,,,,,,165.4,,,大神殿,855,"26,376","11,440",905,955,872,940,1026,990,1040,1076,983,897,1026,1033,997,1076,1068,1068,1111,1118,1083,1118,1161
バビロニア,廃都バビロン,20,13741,,,,,,,,,,,,49.6,,,,,,,,,,,,,,,,,,,,,,,,,,,,,,,,,,,,,,,,廃都バビロン,,,,45.4,,,,,,,,,,,,,,,,,,,,廃都バビロン,,,,,,,,,,,,,,,,,,,,,,,,廃都バビロン,735,"18,888","9,880",785,835,749,808,882,858,908,932,845,771,882,895,871,932,918,918,955,968,945,968,1005
バビロニア,北の高台,20,14135,,,,,,,,,,,,24.9,,,,,,,,,,,,,,,,,,,,,,,,,,,,17.7,,,,,,,,,,,,北の高台,,,,24.1,,,,,,,,,,8.0,,,,,,,,,,北の高台,,,,,,,,,,,,,,,,,,,,,,3.6,,北の高台,735,"18,888","9,880",785,835,749,808,882,858,908,932,845,771,882,895,871,932,918,918,955,968,945,968,1005
バビロニア,黒い杉の森,20,1916,,,,,,,,,,,,34.1,,,,,,,,,,,,,,,,,,,,,,,,,,,,,,,13.3,,,,,,,,,黒い杉の森,,,,33.9,,,,,,,,8.6,,,,,,,,,,,,黒い杉の森,,,,,,,,,,,,,,,,,,,,3.5,,,,黒い杉の森,735,"18,888","9,880",785,835,749,808,882,858,908,932,845,771,882,895,871,932,918,918,955,968,945,968,1005
バビロニア,高原,20,13305,,,,,,49.4,,,,,,25.4,,,,,,,,,,,,,,,,,,,,,,,,,,,,,,,,,,,,,,,,高原,,,20.6,25.5,,,,,,,,,,,,,,,,,,,,高原,,,,,,,,,,,,,,,,,,,,,,,,高原,735,"18,888","9,880",785,835,749,808,882,858,908,932,845,771,882,895,871,932,918,918,955,968,945,968,1005
バビロニア,湿原,21,2879,,,,,,39.8,,,,,,,,,25.0,,,,,,,,,,,,,,,,,,,,,,,,,,,,,,,,,,,,,湿原,,,25.4,,,,,,,16.2,,,,,,,,,,,,,,湿原,,,,,,,,,,,,,,,,,,,,,,,,湿原,755,"20,056","10,140",805,855,770,830,906,880,930,956,868,792,906,918,892,956,943,943,981,993,968,993,1031
バビロニア,ウル,21,22684,,,,,,,,,,,,23.8,,,,,,,,,,,,,,,,,,,,,,18.1,,,,,,,,,,,,,,,,,,ウル,,,,,,,,,8.8,,,,,9.1,23.0,,,,,,,,,ウル,,,,,,,,,,,,,,,,,,,,,,,,ウル,755,"20,056","10,140",805,855,770,830,906,880,930,956,868,792,906,918,892,956,943,943,981,993,968,993,1031
バビロニア,エリドゥ,21,24693,,,64.2,,,,,,,,,,,,,,,,,,,,,,,,,,,,,,,,,,,,,,,,,,,,,,,,,エリドゥ,,,,38.5,,,,,,,,18.9,,,,,,,,,,,,エリドゥ,,,,,,,,,,,,,,,,,,,,,,,,エリドゥ,755,"20,056","10,140",805,855,770,830,906,880,930,956,868,792,906,918,892,956,943,943,981,993,968,993,1031
バビロニア,観測所,21,38284,,,,,,,,,,,,,,,,,,,,,,40.3,,,,,,,,,,,,,,,,,,,,,,,,,,,,,,観測所,37.7,,,,,,,,12.3,,,,,,,,,,,,,,,観測所,,,,,,,,,,,,,,,,,10.5,,,,,,,観測所,775,"21,256","10,400",825,875,790,852,930,902,952,980,891,813,930,941,913,980,968,968,1007,1018,991,1018,1057
バビロニア,葦の原,21,24921,,,,,,62.6,,,,,,,,,,,,,,,,,,,,,,,,,,,,,,,,,,,,,,,,,,,,,,葦の原,,,44.9,,,,,,,,,,,,,,,,,,,,,葦の原,,,,,,,,,,,,,,,,,,,,,,,,葦の原,775,"21,256","10,400",825,875,790,852,930,902,952,980,891,813,930,941,913,980,968,968,1007,1018,991,1018,1057
バビロニア,クタ,21,21716,,,,,,,,,,,,,40.4,,,,,,,,,,,,,,,,,,,,,,,,,,,,,,,,,,,,,,,クタ,,,,,,33.6,,,,,,,,11.4,,,,,,,,,,クタ,,,,,,,,,,,,,,,,,,,,,,5.0,,クタ,795,"22,488","10,660",845,895,810,874,954,924,974,1004,914,834,954,964,934,1004,993,993,1033,1043,1014,1043,1083
バビロニア,北壁,21,6601,,,,,,41.7,,,,,,,,,,,,,,,,,,,,,,,,,,,,,,,,,,,,,12.4,,,,,,,,,北壁,,,30.9,,,,,,,,,7.6,,,,,,,,,,,,北壁,,,,,,,,,,,,,,,,,,,,5.2,,,,北壁,795,"22,488","10,660",845,895,810,874,954,924,974,1004,914,834,954,964,934,1004,993,993,1033,1043,1014,1043,1083
バビロニア,ニップル,21,95016,,,,,,29.9,,,,,,,,,,,,,,,,,,,,,,,,,,,,,,12.1,,,,,,,,,,,,,,,,ニップル,,,24.8,,,,,,,,,,,,,,,,,3.1,,,,ニップル,,,,,,,,,,,,,,,,,,,,4.8,,,,ニップル,815,"23,752","10,920",865,915,831,896,978,946,996,1028,937,855,978,987,955,1028,1018,1018,1059,1068,1037,1068,1109
バビロニア,エビフ山,21,35194,,,,,,,,,,,,25.8,,,,,,,,,,,,,,,,,,,,,,,,,,,,,,,,11.6,,,,,,,,エビフ山,,,,,,,,,,,,,,,24.7,,,,,,,,3.1,エビフ山,,,,,,,,,,,,,,,,,,,,,,,5.2,エビフ山,815,"23,752","10,920",865,915,831,896,978,946,996,1028,937,855,978,987,955,1028,1018,1018,1059,1068,1037,1068,1109
バビロニア,鮮血神殿,21,83264,,,,,,,,,,,,24.1,,,,,,,,,,,,,,,,,,,,,,,,,,,,,,,18.2,,,,,,,,,鮮血神殿,,,,15.0,,,,,,,,16.1,,,,,,,,,,,,鮮血神殿,,,,,,,,,,,,,,,,,,,,10.2,,,,鮮血神殿,815,"23,752","10,920",865,915,831,896,978,946,996,1028,937,855,978,987,955,1028,1018,1018,1059,1068,1037,1068,1109
エリア,クエスト名,AP,サンプル数,銅素材,,,,,,,,,,,銀素材,,,,,,,,,,,,,,,,,,,,,,金素材,,,,,,,,,,,,,,,,,,クエスト名,輝石,,,,,,,,魔石,,,,,,,,秘石,,,,,,,クエスト名,ピース,,,,,,,,モニュ,,,,,,,,猛火,,,,,,,クエスト名,基本絆P,EXP,QP,肖像,,ランチタイム,,,肖像+ランチタイム,,,ティータイム（茶）,,,肖像+ﾌﾚﾃｨｰﾀｲﾑ凸,,,ランチ+茶凸,,,3種,,,
,,,,証,骨,牙,塵,鎖,毒針,髄液,鉄杭,火薬,小鐘,,種,ﾗﾝﾀﾝ,八連,蛇玉,羽根,歯車,頁,ホム,蹄鉄,勲章,貝殻,勾玉,結氷,指輪,ｵｰﾛﾗ,鈴,矢尻,冠,霊子,糸玉,鱗粉,,爪,心臓,逆鱗,根,幼角,涙石,脂,ﾗﾝﾌﾟ,ｽｶﾗﾍﾞ,産毛,胆石,神酒,炉心,鏡,卵,ｶｹﾗ,実,鬼灯,,剣,弓,槍,騎,術,殺,狂,,剣,弓,槍,騎,術,殺,狂,,剣,弓,槍,騎,術,殺,狂,,剣,弓,槍,騎,術,殺,狂,,剣,弓,槍,騎,術,殺,狂,,剣,弓,槍,騎,術,殺,狂,,,,,肖像1,肖像2,未凸1,凸1,凸2,像1+凸1,像2+凸1,像1+凸2,ﾌﾚ凸1,自凸1,凸2,像1+茶1,像2+茶1,像1+茶2,ラ+ﾌﾚ茶1,ラ2+自茶,ラ1+茶2,像+ﾗ+ﾌﾚ茶,像2+ﾗ+自茶,像+ﾗ2+自茶,像+ﾗ+茶2
新宿,代々木二丁目,20,1154,,,,,,,41.1,,,,,,,,,,,,,,,,,,,,,,,,,,,,,,,,,,,,,,,,,,,,,代々木二丁目,,,,,28.9,,,,,,,,,,,,,,,,,,,代々木二丁目,,,,,,,,,,,,,,,,,,,,,,,,代々木二丁目,735,"18,888","9,880",785,835,749,808,882,858,908,932,845,771,882,895,871,932,918,918,955,968,945,968,1005
新宿,国道20号,20,43340,,,,30.3,,,39.9,,,,,,,,,,,,,,,,,,,,,,,,,,,,,,,,,,,,,,,,,,,,,国道20号,,15.8,,,,,,,,10.7,,,,,,,,,,,,,,国道20号,,,,,,,,,,,,,,,,,,,,,,,,国道20号,735,"18,888","9,880",785,835,749,808,882,858,908,932,845,771,882,895,871,932,918,918,955,968,945,968,1005
新宿,新宿駅,21,64660,,,,,,,65.5,,,,,,,,,,,,,,,,,,,,,,,,,,,,,,,,,,,,,,,,,,,,,新宿駅,,20.3,,,,,,,,25.2,,,,,,,,,,,,,,新宿駅,,,,,,,,,,,,,,,,,,,,,,,,新宿駅,755,"20,056","10,140",805,855,770,830,906,880,930,956,868,792,906,918,892,956,943,943,981,993,968,993,1031
新宿,新宿四丁目,21,50429,,,,,,,40.6,,,,,,,,,,,,,,,,,,,,,,,,,,,18.1,,,,,,,,,,,,,,,,,,新宿四丁目,,,,,24.7,,,,,,,,,,,,,,,,,,5.1,新宿四丁目,,,,,,,,,,,,,,,,,,,,,,,4.9,新宿四丁目,755,"20,056","10,140",805,855,770,830,906,880,930,956,868,792,906,918,892,956,943,943,981,993,968,993,1031
新宿,歌舞伎町,21,8469,,,,30.4,,,,,,,,,,,,,31.2,,,,,,,,,,,,,,,,,,,,,,,,,,,,,,,,,,,歌舞伎町,,,,,,,,,,,,,,36.1,,,,,,,,,,歌舞伎町,,,,,,,,,,,,,,,,,,,,,,,,歌舞伎町,775,"21,256","10,400",825,875,790,852,930,902,952,980,891,813,930,941,913,980,968,968,1007,1018,991,1018,1057
新宿,バレルタワー,21,14315,,,,,,,,,,,,,,,,,46.1,,,,,,,,,,,,,,,,,,,,,,,,,,,,,,,,,,,バレルタワー,,,,,,,,,,,,,,46.3,,,,,,,,,,バレルタワー,,,,,,,,,,,,,,,,,,,,,,,,バレルタワー,775,"21,256","10,400",825,875,790,852,930,902,952,980,891,813,930,941,913,980,968,968,1007,1018,991,1018,1057
新宿,パーティー会場,21,2822,,,,28.5,,,29.0,,,,,,,,,,19.6,,,,,,,,,,,,,,,,,,,,,,,,,,,,,,,,,,,パーティー会場,,14.9,,,,,,,,10.8,,,,14.6,,,,,,,,,,パーティー会場,,,,,,,,,,,,,,,,,,,,,,,,パーティー会場,795,"22,488","10,660",845,895,810,874,954,924,974,1004,914,834,954,964,934,1004,993,993,1033,1043,1014,1043,1083
新宿,タワー最上階,21,14110,,,,,,,,,,,,,,,,,20.6,,,,,,,,,,,,,,,,,,,,11.7,,,,,,,,,,,,,,,タワー最上階,,,,,,,,,,,,,,26.5,,,4.2,,,,,,,タワー最上階,,,,,,,,,,,,,,,,,4.7,,,,,,,タワー最上階,795,"22,488","10,660",845,895,810,874,954,924,974,1004,914,834,954,964,934,1004,993,993,1033,1043,1014,1043,1083
新宿,新宿御苑,21,59303,,,,,,,30.2,,,,,,,,,,,,,,,,,,,,,,,,,,,,12.0,,,,,,,,,,,,,,,,,新宿御苑,,,,,38.8,,,,,,,,,,,,,,,,4.5,,,新宿御苑,,,,,,,,,,,,,,,,,,,,,4.8,,,新宿御苑,815,"23,752","10,920",865,915,831,896,978,946,996,1028,937,855,978,987,955,1028,1018,1018,1059,1068,1037,1068,1109
新宿,新宿二丁目,21,76893,,,,,,,,,,,,,,,,,,30.3,,,,,,,,,,,,,,,,,,,,,18.1,,,,,,,,,,,,,新宿二丁目,,,,,8.4,,,,,8.2,,,19.7,,,,,,,,3.3,,,新宿二丁目,,,,,,,,,,,,,,,,,,4.4,,,,,,新宿二丁目,815,"23,752","10,920",865,915,831,896,978,946,996,1028,937,855,978,987,955,1028,1018,1018,1059,1068,1037,1068,1109
アガルタ,地底平原,20,51523,,,40.0,,,,,,,,,,,,,,,,,,,,,,,,,,,,,,,20.1,,,,,,,,,,,,,,,,,,地底平原,,,,29.3,,,,,,,,,,,,,,,,,,,5.2,地底平原,,,,,,,,,,,,,,,,,,,,,,,4.6,地底平原,735,"18,888","9,880",785,835,749,808,882,858,908,932,845,771,882,895,871,932,918,918,955,968,945,968,1005
アガルタ,野営地,20,3347,,,,,,,,,,,,17.1,,,,14.6,,,,,,,,,,,,,,,,,,,,,,21.5,,,,,,,,,,,,,,野営地,,,41.4,,,,,,,,18.2,,,,,,,,,,,,,野営地,,,,,,,,,,,,,,,,,,,5.4,,,,,野営地,735,"18,888","9,880",785,835,749,808,882,858,908,932,845,771,882,895,871,932,918,918,955,968,945,968,1005
アガルタ,川辺の町,20,21056,,,,,,,,,,,,39.3,,,,20.5,,,,,,,,,,,,,,,,,,,,,,,,,,,,,,,,,,,,川辺の町,39.1,,,,,,,,14.9,,,,,,,,3.4,,,,,,,川辺の町,,,,,,,,,,,,,,,,,,,,,,,,川辺の町,735,"18,888","9,880",785,835,749,808,882,858,908,932,845,771,882,895,871,932,918,918,955,968,945,968,1005
アガルタ,桃源郷,21,32683,,,,,,,,,,,,,,40.3,,,,,,,,,,,,,,,,,,,,,,,,,,,,,,,,,,,,,,桃源郷,,,,,,,31.6,,,,,,,,9.7,,,,,,,,3.5,桃源郷,,,,,,,,,,,,,,,,,,,,,,,,桃源郷,755,"20,056","10,140",805,855,770,830,906,880,930,956,868,792,906,918,892,956,943,943,981,993,968,993,1031
アガルタ,イース,21,5932,37.0,,,31.0,,,,,,,,,,,,,,,,,,,,,,,,,,,,,,,,,,,,,,,,,,,,,,,,イース,,,,38.4,,,,,,,,,,,,,,,,,,,,イース,,,,,,,,,,,,,,,,,,,,,,,,イース,755,"20,056","10,140",805,855,770,830,906,880,930,956,868,792,906,918,892,956,943,943,981,993,968,993,1031
アガルタ,北の断崖,21,4001,,,,,40.0,,,,,,,,,,,,,,,,,,,,,,,,,,,,,,,,,,,20.5,,,,,,,,,,,,北の断崖,,,,,,,,,,,,,,32.1,,,,,,,,,,北の断崖,,,,,,,,,,,,,,,,,,,,,,,,北の断崖,755,"20,056","10,140",805,855,770,830,906,880,930,956,868,792,906,918,892,956,943,943,981,993,968,993,1031
アガルタ,不夜城,21,9608,,,,29.8,39.0,,,,,,,,,,,,,,,,,,,,,,,,,,,,,,,,,,,,,,,,,,,,,,,不夜城,,,,,,,,,,,,,,35.2,,,,,,,,,,不夜城,,,,,,,,,,,,,,,,,,,,,,,,不夜城,775,"21,256","10,400",825,875,790,852,930,902,952,980,891,813,930,941,913,980,968,968,1007,1018,991,1018,1057
アガルタ,山裾の密林,21,23803,,,49.4,,,,,,,,,15.3,,,,14.3,,,,,,,,,,,,,,,,,,,,,,,,,,,,,,,,,,,,山裾の密林,,15.9,,25.1,,,,,,9.8,,5.2,,,,,,,,,,,,山裾の密林,,,,,,,,,,,,,,,,,,,,,,,,山裾の密林,775,"21,256","10,400",825,875,790,852,930,902,952,980,891,813,930,941,913,980,968,968,1007,1018,991,1018,1057
アガルタ,竜宮城,21,5029,28.7,,,,,,,,,,,,,,,,,,,,,,,,,,,,,,,,,,,,,,,,,,,,12.2,,,,,,,竜宮城,,,,28.3,,,,,,,,,,,,,,4.3,,,,,,竜宮城,,,,,,,,,,,,,,,,,,4.9,,,,,,竜宮城,795,"22,488","10,660",845,895,810,874,954,924,974,1004,914,834,954,964,934,1004,993,993,1033,1043,1014,1043,1083
アガルタ,地底大河,21,54791,,,,,,,,,,,,25.1,,,,30.2,,,,,,,,,,,,,,,,,,,,,,,,,,,,,,,,,,,,地底大河,,39.3,,,,,,,,,14.6,,,,,,,,3.2,,,,,地底大河,,,,,,,,,,,,,,,,,,,,,,,,地底大河,795,"22,488","10,660",845,895,810,874,954,924,974,1004,914,834,954,964,934,1004,993,993,1033,1043,1014,1043,1083
アガルタ,エルドラド,21,3634,,,,30.5,,,,,,,,34.0,,,,,,,,,,,,,,,,,,,,,,,,,,,,,,,,,,,,,,,,エルドラド,53.5,,,,,,,,,,,,,,,,,,,,,,,エルドラド,,,,,,,,,,,,,,,,,,,,,,,,エルドラド,815,"23,752","10,920",865,915,831,896,978,946,996,1028,937,855,978,987,955,1028,1018,1018,1059,1068,1037,1068,1109
アガルタ,大地の裂け目,21,2316,,,,,,,,,,,,,,,38.9,,,,,,,,,,,,,,,,,,,,,,,,,,,,,,,,,,,,,大地の裂け目,,,,,,,,,,,,,48.9,,,,,,,,3.1,,,大地の裂け目,,,,,,,,,,,,,,,,,,,,,4.0,,,大地の裂け目,815,"23,752","10,920",865,915,831,896,978,946,996,1028,937,855,978,987,955,1028,1018,1018,1059,1068,1037,1068,1109
エリア,クエスト名,AP,サンプル数,銅素材,,,,,,,,,,,銀素材,,,,,,,,,,,,,,,,,,,,,,金素材,,,,,,,,,,,,,,,,,,クエスト名,輝石,,,,,,,,魔石,,,,,,,,秘石,,,,,,,クエスト名,ピース,,,,,,,,モニュ,,,,,,,,猛火,,,,,,,クエスト名,基本絆P,EXP,QP,肖像,,ランチタイム,,,肖像+ランチタイム,,,ティータイム（茶）,,,肖像+ﾌﾚﾃｨｰﾀｲﾑ凸,,,ランチ+茶凸,,,3種,,,
,,,,証,骨,牙,塵,鎖,毒針,髄液,鉄杭,火薬,小鐘,,種,ﾗﾝﾀﾝ,八連,蛇玉,羽根,歯車,頁,ホム,蹄鉄,勲章,貝殻,勾玉,結氷,指輪,ｵｰﾛﾗ,鈴,矢尻,冠,霊子,糸玉,鱗粉,,爪,心臓,逆鱗,根,幼角,涙石,脂,ﾗﾝﾌﾟ,ｽｶﾗﾍﾞ,産毛,胆石,神酒,炉心,鏡,卵,ｶｹﾗ,実,鬼灯,,剣,弓,槍,騎,術,殺,狂,,剣,弓,槍,騎,術,殺,狂,,剣,弓,槍,騎,術,殺,狂,,剣,弓,槍,騎,術,殺,狂,,剣,弓,槍,騎,術,殺,狂,,剣,弓,槍,騎,術,殺,狂,,,,,肖像1,肖像2,未凸1,凸1,凸2,像1+凸1,像2+凸1,像1+凸2,ﾌﾚ凸1,自凸1,凸2,像1+茶1,像2+茶1,像1+茶2,ラ+ﾌﾚ茶1,ラ2+自茶,ラ1+茶2,像+ﾗ+ﾌﾚ茶,像2+ﾗ+自茶,像+ﾗ2+自茶,像+ﾗ+茶2
下総国,田んぼ,20,50727,,,,,,,,,,,,39.7,25.7,,,,,,,,,,,,,,,,,,,,,,,,,,,,,,,,,,,,,,,田んぼ,,,25.0,,,32.0,,,,,,,,,,,,,,,,,,田んぼ,,,,,,,,,,,,,,,,,,,,,,,,田んぼ,735,"18,888","9,880",785,835,749,808,882,858,908,932,845,771,882,895,871,932,918,918,955,968,945,968,1005
下総国,里,21,26454,,,,30.4,,,,,,,,35.2,,,,,,,,,,,25.5,,,,,,,,,,,,,,,,,,,,,,,,,,,,,里,,,23.9,,,,,,17.6,,,,,,,,,,,,,,,里,,,,,,,,,,,,,,,,,13.2,,,,,,,里,755,"20,056","10,140",805,855,770,830,906,880,930,956,868,792,906,918,892,956,943,943,981,993,968,993,1031
下総国,庵,21,13455,,,,,,,,,,,,,24.7,,,,,,,,,,25.3,,,,,,,,,,,,,,,,,,,,,,,,,,,,,庵,,,,,,41.0,,,20.8,,,,,,,,,,,,,,,庵,,,,,,,,,,,,,,,,,21.8,,,,,,,庵,755,"20,056","10,140",805,855,770,830,906,880,930,956,868,792,906,918,892,956,943,943,981,993,968,993,1031
下総国,城下町,21,12443,,,,,,,,,,,,,,,,,,,,,,,40.5,,,,,,,,,,,,,,,,,,,,,,,,,,,,,城下町,,,,,,,,,39.7,,,,,,,,,,,,,,,城下町,,,,,,,,,,,,,,,,,37.9,,,,,,,城下町,775,"21,256","10,400",825,875,790,852,930,902,952,980,891,813,930,941,913,980,968,968,1007,1018,991,1018,1057
下総国,合戦場,21,118671,,39.9,,30.6,,,,,,,,,,,,,,,,,,,25.2,,,,,,,,,,,,,,,,,,,,,,,,,,,,,合戦場,24.6,,,,,,,,15.4,,,,,,,,,,,,,,,合戦場,,,,,,,,,,,,,,,,,13.6,,,,,,,合戦場,775,"21,256","10,400",825,875,790,852,930,902,952,980,891,813,930,941,913,980,968,968,1007,1018,991,1018,1057
下総国,土気城,21,2991,,,,29.3,,,,,,,,,,,,,,,,,,,26.0,,,,,,,,,,,,,,,,,,,,,,10.2,,,,,,,土気城,,,,,,,,,22.8,,,,,,,,,,3.9,,,,,土気城,,,,,,,,,,,,,,,,,22.7,,4.2,,,,,土気城,795,"22,488","10,660",845,895,810,874,954,924,974,1004,914,834,954,964,934,1004,993,993,1033,1043,1014,1043,1083
下総国,裏山（名もなき霊峰）,21,26239,,,,30.0,,,,,,,,,,24.5,,,,,,,,,24.4,,,,,,,,,,,,,,,,,,,,,,,,,,,,,裏山（名もなき霊峰）,,,,,,,,,24.8,,,,,,8.0,,,,,,,,,裏山（名もなき霊峰）,,,,,,,,,,,,,,,,,23.5,,,,,,4.6,裏山（名もなき霊峰）,795,"22,488","10,660",845,895,810,874,954,924,974,1004,914,834,954,964,934,1004,993,993,1033,1043,1014,1043,1083
下総国,荒川の原,21,34779,,,,29.9,,,,,,,,,,,,,,,,,,,20.0,,,,,,,,,,,,,,,,,,,,,12.3,,,,,,,,荒川の原,,,,,,,,,25.2,,,,,,,,,,,,,,3.0,荒川の原,,,,,,,,,,,,,,,,,24.0,,,,,,5.4,荒川の原,815,"23,752","10,920",865,915,831,896,978,946,996,1028,937,855,978,987,955,1028,1018,1018,1059,1068,1037,1068,1109
下総国,裏山（戦戦恐恐）,21,27128,,,,,,,,,,,,,25.5,,,,,,,,,,,,,,,,,,,,,,,,,,,,,,,,,,12.2,,,,,裏山（戦戦恐恐）,,,,,,39.5,,,,,,,,,,,,,,,,4.2,,裏山（戦戦恐恐）,,,,,,,,,,,,,,,,,,,,,,5.3,,裏山（戦戦恐恐）,815,"23,752","10,920",865,915,831,896,978,946,996,1028,937,855,978,987,955,1028,1018,1018,1059,1068,1037,1068,1109
セイレム,静寂な森,20,3543,,,,,,,,,,,,48.2,,,,,,,,,,,,,,,,,,,,,,,,,,,,,,,,,,,,,,,,静寂な森,,,,45.8,,,,,,,,,,,,,,,,,,,,静寂な森,,,,,,,,,,,,,,,,,,,,,,,,静寂な森,735,"18,888","9,880",785,835,749,808,882,858,908,932,845,771,882,895,871,932,918,918,955,968,945,968,1005
セイレム,カーター家,20,123896,,,,,,,,40.0,,,,,,,,,,,,,,,,,,,,,,,,,,,12.3,,,,,,,,,,,,,,,,,カーター家,,,,,,,,,,,,,,24.9,,,,,,,4.4,,,カーター家,,,,,,,,,,,,,,,,,,,,,5.0,24.1,,カーター家,735,"18,888","9,880",785,835,749,808,882,858,908,932,845,771,882,895,871,932,918,918,955,968,945,968,1005
セイレム,公会堂,21,36126,,,,,,,,,,,,,,,,35.4,,,,,,,,,,,,,,,,,,,,,,,,,,,,,,,,,,,,公会堂,,,,,,,,,,,,,35.1,,,,,,,,,,,公会堂,,,,,,,,,,,,,,,,,,,,,35.2,,,公会堂,755,"20,056","10,140",805,855,770,830,906,880,930,956,868,792,906,918,892,956,943,943,981,993,968,993,1031
セイレム,波止場,21,30138,,,,,39.9,,,,,,,,,,,20.1,,,,,,,,,,,,,,,,,,,,,,,,,,,,,,,,,,,,波止場,,,,,,24.9,,,,,,,20.2,,,,,,,,,,,波止場,,,,,,,,,,,,,,,,,,,,,18.8,,,波止場,755,"20,056","10,140",805,855,770,830,906,880,930,956,868,792,906,918,892,956,943,943,981,993,968,993,1031
セイレム,ウェイトリー家,21,19983,,,,,,,,,,,,,,,,,,,39.8,,,,,,,,,,,,,,,,,,,,,,,,,,,,,,,,,ウェイトリー家,,,43.4,,,,,,,,24.1,,,,,,,,,,,,,ウェイトリー家,,,,,,,,,,,,,,,,,,,16.3,,,,,ウェイトリー家,775,"21,256","10,400",825,875,790,852,930,902,952,980,891,813,930,941,913,980,968,968,1007,1018,991,1018,1057
セイレム,郊外の屋敷,21,34787,,,,,40.3,,,41.7,,,,,,,,,,,,,,,,,,,,,,,,,,,,,,,,,,,,,,,,,,,,郊外の屋敷,,,,,,24.5,22.9,,,,,,,,,,,,,,,,,郊外の屋敷,,,,,,,,,,,,,,,,,,,,,,,,郊外の屋敷,775,"21,256","10,400",825,875,790,852,930,902,952,980,891,813,930,941,913,980,968,968,1007,1018,991,1018,1057
セイレム,ガローの丘,21,35003,,,,,,,,67.8,,,,,,,,,,,,,,,,,,,,,,,,,,,,,,,,,,,,,,,,,,,,ガローの丘,,,,,,,35.2,,,,,,,15.1,,,,,,,,,,ガローの丘,,,,,,,,,,,,,,,,,,,,,,14.4,,ガローの丘,795,"22,488","10,660",845,895,810,874,954,924,974,1004,914,834,954,964,934,1004,993,993,1033,1043,1014,1043,1083
セイレム,牧草地,21,18305,,,,,,,,40.1,,,,35.1,,,,,,,,,,,,,,,,,,,,,,,,,,,,,,,,,,,,,,,,牧草地,,,,24.8,,,23.3,,,,,,,,,,,,,,,,,牧草地,,,,,,,,,,,,,,,,,,,,,,,,牧草地,795,"22,488","10,660",845,895,810,874,954,924,974,1004,914,834,954,964,934,1004,993,993,1033,1043,1014,1043,1083
セイレム,空き家,21,17296,,,,,,,,40.7,,,,,,,,20.8,,,,,,,,,,,,,,,,,,,,,,,,,,,,,,,,,,,,空き家,,,,,,,24.1,,,,,,15.2,,,,,,,,,,,空き家,,,,,,,,,,,,,,,,,,,,,14.4,,,空き家,815,"23,752","10,920",865,915,831,896,978,946,996,1028,937,855,978,987,955,1028,1018,1018,1059,1068,1037,1068,1109
セイレム,隠れ家,21,10794,,,,,,,,,,,,45.1,,,,15.0,,,,,,,,,,,,,,,,,,,,,,,,,,,,,,,,,,,,隠れ家,,,,24.8,,,,,,,,,15.2,,,,,,,,,,,隠れ家,,,,,,,,,,,,,,,,,,,,,13.3,,,隠れ家,815,"23,752","10,920",865,915,831,896,978,946,996,1028,937,855,978,987,955,1028,1018,1018,1059,1068,1037,1068,1109
セイレム,留置所,21,8611,,,39.5,,,,,,,,,,,,,,,,,,,,,,,,,,,,,,,,,,,,,,20.7,,,,,,,,,,,留置所,39.8,,,,,,,,,,,,7.9,,,,,,,,,,,留置所,,,,,,,,,,,,,,,,,,,,,4.2,,,留置所,815,"23,752","10,920",865,915,831,896,978,946,996,1028,937,855,978,987,955,1028,1018,1018,1059,1068,1037,1068,1109
エリア,クエスト名,AP,サンプル数,銅素材,,,,,,,,,,,銀素材,,,,,,,,,,,,,,,,,,,,,,金素材,,,,,,,,,,,,,,,,,,クエスト名,輝石,,,,,,,,魔石,,,,,,,,秘石,,,,,,,クエスト名,ピース,,,,,,,,モニュ,,,,,,,,猛火,,,,,,,クエスト名,基本絆P,EXP,QP,肖像,,ランチタイム,,,肖像+ランチタイム,,,ティータイム（茶）,,,肖像+ﾌﾚﾃｨｰﾀｲﾑ凸,,,ランチ+茶凸,,,3種,,,
,,,,証,骨,牙,塵,鎖,毒針,髄液,鉄杭,火薬,小鐘,,種,ﾗﾝﾀﾝ,八連,蛇玉,羽根,歯車,頁,ホム,蹄鉄,勲章,貝殻,勾玉,結氷,指輪,ｵｰﾛﾗ,鈴,矢尻,冠,霊子,糸玉,鱗粉,,爪,心臓,逆鱗,根,幼角,涙石,脂,ﾗﾝﾌﾟ,ｽｶﾗﾍﾞ,産毛,胆石,神酒,炉心,鏡,卵,ｶｹﾗ,実,鬼灯,,剣,弓,槍,騎,術,殺,狂,,剣,弓,槍,騎,術,殺,狂,,剣,弓,槍,騎,術,殺,狂,,剣,弓,槍,騎,術,殺,狂,,剣,弓,槍,騎,術,殺,狂,,剣,弓,槍,騎,術,殺,狂,,,,,肖像1,肖像2,未凸1,凸1,凸2,像1+凸1,像2+凸1,像1+凸2,ﾌﾚ凸1,自凸1,凸2,像1+茶1,像2+茶1,像1+茶2,ラ+ﾌﾚ茶1,ラ2+自茶,ラ1+茶2,像+ﾗ+ﾌﾚ茶,像2+ﾗ+自茶,像+ﾗ2+自茶,像+ﾗ+茶2
アナスタシア,アンカーポイント,20,3510,,,,,,41.1,,,,,,,,,,,,,,,,,,,,,,,,,,,,,,,,20.3,,,,,,,,,,,,,,アンカーポイント,,,37.6,,,,,,,,7.7,,,,,,,,,,,,,アンカーポイント,,,,,,,,,,,,,,,,,,,5.6,,,,,アンカーポイント,735,"18,888","9,880",785,835,749,808,882,858,908,932,845,771,882,895,871,932,918,918,955,968,945,968,1005
アナスタシア,ヤガ・スモレンスク,20,45894,,,,,,,,,65.7,,,,,,,,,,,,,,,,,,,,,,,,,,,,,,,,,,,,,,,,,,,ヤガ・スモレンスク,24.6,,,,,20.3,,,,,,,,,,,,,,,,,,ヤガ・スモレンスク,,,,,,,,,,,,,,,,,,,,,,,,ヤガ・スモレンスク,735,"18,888","9,880",785,835,749,808,882,858,908,932,845,771,882,895,871,932,918,918,955,968,945,968,1005
アナスタシア,風穴氷窟,20,79583,,,,,,40.4,,,,,,,,,,,,,,,,25.2,,,,,,,,,,,,,,,,,,,,,,,,,,,,,,風穴氷窟,,,24.9,,,,20.1,,,,,,,,,,,,,,,,,風穴氷窟,,,,,,,,,,,,,,,,,,,,,,,,風穴氷窟,735,"18,888","9,880",785,835,749,808,882,858,908,932,845,771,882,895,871,932,918,918,955,968,945,968,1005
アナスタシア,叛逆軍の砦,21,8009,,,,,,,,,40.7,,,,,,,,,,,,,,,,,,,,,,,,,,,,,20.7,,,,,,,,,,,,,,叛逆軍の砦,39.5,,,,,,,,,,8.4,,,,,,,,,,,,,叛逆軍の砦,,,,,,,,,,,,,,,,,,,4.9,,,,,叛逆軍の砦,755,"20,056","10,140",805,855,770,830,906,880,930,956,868,792,906,918,892,956,943,943,981,993,968,993,1031
アナスタシア,ヤガ・スィチョーフカ,21,15790,,,,,,,,,41.4,,,24.8,,,,,,,,,,,,,,,,,,,,,,,,,,,,,,,,,,,,,,,,ヤガ・スィチョーフカ,,25.1,,,,,,,,,,,,,20.4,,,,,,,,,ヤガ・スィチョーフカ,,,,,,,,,,,,,,,,,,,,,,,,ヤガ・スィチョーフカ,755,"20,056","10,140",805,855,770,830,906,880,930,956,868,792,906,918,892,956,943,943,981,993,968,993,1031
アナスタシア,焼き払われた村,21,118395,,,,,,,,,40.4,,,,,,,,,,,,,24.9,,,,,,,,,,,,,,,,,,,,,,,,,,,,,,焼き払われた村,24.8,,,,,,20.1,,,,,,,,,,,,,,,,,焼き払われた村,,,,,,,,,,,,,,,,,,,,,,,,焼き払われた村,755,"20,056","10,140",805,855,770,830,906,880,930,956,868,792,906,918,892,956,943,943,981,993,968,993,1031
アナスタシア,ヤガ・ヴャジマ,21,70947,,,,,,40.5,,,39.8,,,,,,,,,,,,,,,,,,,,,,,,,,,,,,,,,,,,,,,,,,,ヤガ・ヴャジマ,,,19.3,,,24.2,,,,,,,,,,,,,,,,,,ヤガ・ヴャジマ,,,,,,,,,,,,,,,,,,,,,,,,ヤガ・ヴャジマ,775,"21,256","10,400",825,875,790,852,930,902,952,980,891,813,930,941,913,980,968,968,1007,1018,991,1018,1057
アナスタシア,ヤガ・ジェメンスク,21,8776,,,,,,,,,,,,,,,,,,,,,,,,25.6,,,,,,,,,,,,,,20.6,,,,,,,,,,,,,,ヤガ・ジェメンスク,,,,,,,,,,,8.2,,,39.6,,,,,,,,,,ヤガ・ジェメンスク,,,,,,,,,,,,,,,,,,,4.0,,,,,ヤガ・ジェメンスク,775,"21,256","10,400",825,875,790,852,930,902,952,980,891,813,930,941,913,980,968,968,1007,1018,991,1018,1057
アナスタシア,ヤガ・トゥーラ,21,36195,,,,29.6,,,,,30.1,,,,,,,,,,,,,,,20.2,,,,,,,,,,,,,,,,,,,,,,,,,,,,ヤガ・トゥーラ,,15.0,,,,,,,,,,,,24.9,,,,,,,,,,ヤガ・トゥーラ,,,,,,,,,,,,,,,,,,,,,,,,ヤガ・トゥーラ,775,"21,256","10,400",825,875,790,852,930,902,952,980,891,813,930,941,913,980,968,968,1007,1018,991,1018,1057
アナスタシア,潰れた村,21,22273,,,,,,,,,,,,,,,,,,,,,,24.7,,25.6,,,,,,,,,,,,,,,,,,,,,,,,,,,,潰れた村,,,,,,,20.3,,,,,,,24.8,,,,,,,,,,潰れた村,,,,,,,,,,,,,,,,,,,,,,,,潰れた村,795,"22,488","10,660",845,895,810,874,954,924,974,1004,914,834,954,964,934,1004,993,993,1033,1043,1014,1043,1083
アナスタシア,ヤガ・モスクワ,21,13519,,,,,,,,,,,,,,,,,,,,,,,,45.6,,,,,,,,,,,,,,,,,,,,,,,,,,,,ヤガ・モスクワ,,,,,,,,,,,,,,45.5,,,,,,,,,,ヤガ・モスクワ,,,,,,,,,,,,,,,,,,,,,,,,ヤガ・モスクワ,795,"22,488","10,660",845,895,810,874,954,924,974,1004,914,834,954,964,934,1004,993,993,1033,1043,1014,1043,1083
アナスタシア,大渓谷の砦,21,16603,,,,29.7,,,,,28.5,,,,,,,,,,,,,,,,,,,,,,,,,,,,,,,,,,,,10.2,,,,,,,大渓谷の砦,,,,,,29.5,,,,,,,,,,,,,,,,4.2,,大渓谷の砦,,,,,,,,,,,,,,,,,,,,,,5.0,,大渓谷の砦,795,"22,488","10,660",845,895,810,874,954,924,974,1004,914,834,954,964,934,1004,993,993,1033,1043,1014,1043,1083
アナスタシア,大樹の根元,21,15257,,,,29.9,,29.7,,,,,,,,,,,,,,,,,,20.1,,,,,,,,,,,,,,,,,,,,,,,,,,,,大樹の根元,,,21.0,,,,,,,,,,,19.7,,,,,,,,,,大樹の根元,,,,,,,,,,,,,,,,,,,,,,,,大樹の根元,815,"23,752","10,920",865,915,831,896,978,946,996,1028,937,855,978,987,955,1028,1018,1018,1059,1068,1037,1068,1109
アナスタシア,ヤガ・リャザン,21,30329,,,,,,,,,,,,,,,,,,,,,,,,25.0,,,,,,,,,,20.5,,,,,,,,,,,,,,,,,,ヤガ・リャザン,,,,,,,,,,,,,,35.2,,,,,,,,,3.2,ヤガ・リャザン,,,,,,,,,,,,,,,,,,,,,,,4.9,ヤガ・リャザン,815,"23,752","10,920",865,915,831,896,978,946,996,1028,937,855,978,987,955,1028,1018,1018,1059,1068,1037,1068,1109
ゲッテルデメルング,ランディングポイント,20,8064,,,,30.9,,,,,,,,25.8,,,,,,,,,,,,,,,,,,,,,,,,,,,,,,,12.1,,,,,,,,,ランディングポイント,,,,,,47.8,,,,,,,,8.2,,,,,,,,,,ランディングポイント,,,,,,,,,,,,,,,,,,,,,,5.3,,ランディングポイント,735,"18,888","9,880",785,835,749,808,882,858,908,932,845,771,882,895,871,932,918,918,955,968,945,968,1005
ゲッテルデメルング,薄氷の丘,20,4218,,,,,,,,,,,,25.5,,,,,,,,,,,,,25.1,,,,,,,,,,,,,,,,,,,,,,,,,,,薄氷の丘,,,,,,31.1,,,,,,,,,24.5,,,,,,,,,薄氷の丘,,,,,,,,,,,,,,,,,,,,,,,,薄氷の丘,735,"18,888","9,880",785,835,749,808,882,858,908,932,845,771,882,895,871,932,918,918,955,968,945,968,1005
ゲッテルデメルング,巨人の花園,20,16485,,,,,,,,,,,,,,,,,,,,,,,,,40.6,,,,,,,,,,,,,,,,,,,,,,,,,,,巨人の花園,,,,,,,,,,,,,,,44.1,,,,,,,,,巨人の花園,,,,,,,,,,,,,,,,,,,,,,,,巨人の花園,735,"18,888","9,880",785,835,749,808,882,858,908,932,845,771,882,895,871,932,918,918,955,968,945,968,1005
ゲッテルデメルング,第23集落,21,1565,,,,,,,,,,,,24.7,,,,,,,,,,,,,,24.2,,,,,,,,,,,,,,,,,,,,,,,,,,第23集落,,,,,,32.1,,,,,,25.0,,,,,,,,,,,,第23集落,,,,,,,,,,,,,,,,,,,,,,,,第23集落,755,"20,056","10,140",805,855,770,830,906,880,930,956,868,792,906,918,892,956,943,943,981,993,968,993,1031
ゲッテルデメルング,英雄の穴倉,21,10066,,,,,,,,,,,,,,25.2,,,,,,,,,,,25.4,,,,,,,,,,,,,,,,,,,,,,,,,,,英雄の穴倉,,,,,,,,,,,,,,,30.9,,,,,,,,4.8,英雄の穴倉,,,,,,,,,,,,,,,,,,,,,,,,英雄の穴倉,755,"20,056","10,140",805,855,770,830,906,880,930,956,868,792,906,918,892,956,943,943,981,993,968,993,1031
ゲッテルデメルング,雪と氷の城,21,12574,,,,,,,,,,,,,,,,,,,,,,,,,,39.0,,,,,,,,,,,,,,,,,,,,,,,,,,雪と氷の城,,,,,,,,,,,,46.3,,,,,,,,,,,,雪と氷の城,,,,,,,,,,,,,,,,,,,,,,,,雪と氷の城,775,"21,256","10,400",825,875,790,852,930,902,952,980,891,813,930,941,913,980,968,968,1007,1018,991,1018,1057
ゲッテルデメルング,果てへと至る道,21,21959,,,,,,,,,,,,,,,,,,,,,,,,,24.8,,,,,,,,,,,,,,,,,,17.7,,,,,,,,,果てへと至る道,,,,,,,,,,,,,,8.4,40.4,,,,,,,,,果てへと至る道,,,,,,,,,,,,,,,,,,,,,,4.8,,果てへと至る道,775,"21,256","10,400",825,875,790,852,930,902,952,980,891,813,930,941,913,980,968,968,1007,1018,991,1018,1057
ゲッテルデメルング,炎の館,21,20228,,,,,,,,,,,,,,,,,,,,,,,,,26.0,24.9,,,,,,,,,,,,,,,,,,,,,,,,,,炎の館,,,,,,,,,,,,24.6,,,19.9,,,,,,,,,炎の館,,,,,,,,,,,,,,,,,,,,,,,19.4,炎の館,795,"22,488","10,660",845,895,810,874,954,924,974,1004,914,834,954,964,934,1004,993,993,1033,1043,1014,1043,1083
ゲッテルデメルング,第67集落,21,2585,,,,,,,,,,,,,,,,,,,,,,,,,,26.2,,,,,,,,,,,,,,,,,17.1,,,,,,,,,第67集落,,,,,,,,,,,,32.7,,8.2,,,,,,,,,,第67集落,,,,,,,,,,,,,,,,,,,,,,6.9,,第67集落,795,"22,488","10,660",845,895,810,874,954,924,974,1004,914,834,954,964,934,1004,993,993,1033,1043,1014,1043,1083
ゲッテルデメルング,北の境界,21,7014,,,,30.7,,,,,,,,,,,,,,,,,,,,,25.2,,,,,,,,,,,,,,,,,,,,,,,,,,,北の境界,,,,,,,,,,,,,,,40.8,,,,,,,,,北の境界,,,,,,,,,,,,,,,,,,,,,,,13.3,北の境界,815,"23,752","10,920",865,915,831,896,978,946,996,1028,937,855,978,987,955,1028,1018,1018,1059,1068,1037,1068,1109
ゲッテルデメルング,忘れられた神殿,21,10518,,,,,,,,,,,,,,,,,,,,,,,,,,24.1,,,,,,,,,,,11.4,,,,,,,,,,,,,,,忘れられた神殿,,,,,,,,,,,,40.5,,,,,3.9,,,,,,,忘れられた神殿,,,,,,,,,,,,,,,,,4.5,,,,,,,忘れられた神殿,815,"23,752","10,920",865,915,831,896,978,946,996,1028,937,855,978,987,955,1028,1018,1018,1059,1068,1037,1068,1109
エリア,クエスト名,AP,サンプル数,銅素材,,,,,,,,,,,銀素材,,,,,,,,,,,,,,,,,,,,,,金素材,,,,,,,,,,,,,,,,,,クエスト名,輝石,,,,,,,,魔石,,,,,,,,秘石,,,,,,,クエスト名,ピース,,,,,,,,モニュ,,,,,,,,猛火,,,,,,,クエスト名,基本絆P,EXP,QP,肖像,,ランチタイム,,,肖像+ランチタイム,,,ティータイム（茶）,,,肖像+ﾌﾚﾃｨｰﾀｲﾑ凸,,,ランチ+茶凸,,,3種,,,
,,,,証,骨,牙,塵,鎖,毒針,髄液,鉄杭,火薬,小鐘,,種,ﾗﾝﾀﾝ,八連,蛇玉,羽根,歯車,頁,ホム,蹄鉄,勲章,貝殻,勾玉,結氷,指輪,ｵｰﾛﾗ,鈴,矢尻,冠,霊子,糸玉,鱗粉,,爪,心臓,逆鱗,根,幼角,涙石,脂,ﾗﾝﾌﾟ,ｽｶﾗﾍﾞ,産毛,胆石,神酒,炉心,鏡,卵,ｶｹﾗ,実,鬼灯,,剣,弓,槍,騎,術,殺,狂,,剣,弓,槍,騎,術,殺,狂,,剣,弓,槍,騎,術,殺,狂,,剣,弓,槍,騎,術,殺,狂,,剣,弓,槍,騎,術,殺,狂,,剣,弓,槍,騎,術,殺,狂,,,,,肖像1,肖像2,未凸1,凸1,凸2,像1+凸1,像2+凸1,像1+凸2,ﾌﾚ凸1,自凸1,凸2,像1+茶1,像2+茶1,像1+茶2,ラ+ﾌﾚ茶1,ラ2+自茶,ラ1+茶2,像+ﾗ+ﾌﾚ茶,像2+ﾗ+自茶,像+ﾗ2+自茶,像+ﾗ+茶2
シン,シーディングポイント,20,13285,,,,,,39.4,,,,,,,,,,,30.1,,,,,,,,,,,,,,,,,,,,,,,,,,,,,,,,,,,シーディングポイント,,,25.2,19.6,,,,,,,,,,,,,,,,,,,,シーディングポイント,,,,,,,,,,,,,,,,,,,,,,,,シーディングポイント,735,"18,888","9,880",785,835,749,808,882,858,908,932,845,771,882,895,871,932,918,918,955,968,945,968,1005
シン,隣村,20,9428,,,,,,40.6,,,,,,,,,,,,,,,,,,,25.5,,,,,,,,,,,,,,,,,,,,,,,,,,,隣村,,,25.1,,,,,,,,,,,,14.3,,,,,,,,,隣村,,,,,,,,,,,,,,,,,,,,,,,,隣村,735,"18,888","9,880",785,835,749,808,882,858,908,932,845,771,882,895,871,932,918,918,955,968,945,968,1005
シン,氷冷窟,20,1497,,,,,,,,,,,,33.1,,,,,,,,,,,,,,,,,,,,,,,,,,,,,,,,,10.1,,,,,,,氷冷窟,,,,,,37.0,,,,,,,,,,,,,,,,3.5,,氷冷窟,,,,,,,,,,,,,,,,,,,,,,6.2,,氷冷窟,735,"18,888","9,880",785,835,749,808,882,858,908,932,845,771,882,895,871,932,918,918,955,968,945,968,1005
シン,芥の陣幕,21,2619,,,,29.4,,,,,,,,,,,,,20.5,,,,,,,,18.5,,,,,,,,,,,,,,,,,,,,,,,,,,,芥の陣幕,,,,25.3,,,,,,,,,,,15.3,,,,,,,,,芥の陣幕,,,,,,,,,,,,,,,,,,,,,,,,芥の陣幕,755,"20,056","10,140",805,855,770,830,906,880,930,956,868,792,906,918,892,956,943,943,981,993,968,993,1031
シン,景陽原,21,8789,,,,31.9,,,,,,,,,,,,,,,,,,,,,19.9,,,,,,,,,,,,,,,,,,,,,15.4,,,,,,景陽原,,,,,,,,,,9.8,,,,,20.0,,,,,,,,,景陽原,,,,,,,,,,,,,,,,,,,,,,,,景陽原,755,"20,056","10,140",805,855,770,830,906,880,930,956,868,792,906,918,892,956,943,943,981,993,968,993,1031
シン,山陽丘,21,5714,,,,29.4,,29.9,,,,,,,,,,,,,,,,,,,,,,,,,,,,,,,,,,,,,,,,15.2,,,,,,山陽丘,,,25.5,,,,,,,12.1,,,,,,,,,,,,,,山陽丘,,,,,,,,,,,,,,,,,,,,,,,,山陽丘,775,"21,256","10,400",825,875,790,852,930,902,952,980,891,813,930,941,913,980,968,968,1007,1018,991,1018,1057
シン,収容所,21,65453,,,,,,,,,,,,,,,,,,,,,,,,,,,25.3,,,,,,,,,,,,,,,,,,,20.2,,,,,,収容所,,,,,,,,,,14.9,,,,20.2,,,,,,,,,,収容所,,,,,,,,,,,,,,,,,,,,,,,,収容所,775,"21,256","10,400",825,875,790,852,930,902,952,980,891,813,930,941,913,980,968,968,1007,1018,991,1018,1057
シン,石泉峡,21,12324,,,,,,,,,,,,,,,,,30.1,,,,,,,,,,,,,,,,,,,,,,,,,,,,,20.0,,,,,,石泉峡,,,,25.6,,,,,,19.5,,,,,,,,,,,,,,石泉峡,,,,,,,,,,,,,,,,,,,,,,,,石泉峡,795,"22,488","10,660",845,895,810,874,954,924,974,1004,914,834,954,964,934,1004,993,993,1033,1043,1014,1043,1083
シン,大坪峪,21,10410,,,,,,,,,,,,,,,,,28.8,,,,,,,,,,25.4,,,,,,,,,,,,,,,,,,,,,,,,,大坪峪,,,,25.5,,,,,,,,,,20.3,,,,,,,,,,大坪峪,,,,,,,,,,,,,,,,,,,,,,,,大坪峪,795,"22,488","10,660",845,895,810,874,954,924,974,1004,914,834,954,964,934,1004,993,993,1033,1043,1014,1043,1083
シン,咸陽,21,11883,,,,30.0,,,,,,,,,,,,,,,,,,,,,,,20.0,,,,,,,,,,,,,,,,,,,16.0,,,,,,咸陽,,,,,,,,,,15.0,,,,24.0,,,,,,,,,,咸陽,,,,,,,,,,,,,,,,,,,,,,,,咸陽,815,"23,752","10,920",865,915,831,896,978,946,996,1028,937,855,978,987,955,1028,1018,1018,1059,1068,1037,1068,1109
シン,八門洞,21,30846,,,,,,,,,,,,,,,,,,,,,,,,,,,39.2,,,,,,,,,,,,,,,,,,,,,,,,,八門洞,,,,,,,,,,,,,,45.1,,,,,,,,,,八門洞,,,,,,,,,,,,,,,,,,,,,,,,八門洞,815,"23,752","10,920",865,915,831,896,978,946,996,1028,937,855,978,987,955,1028,1018,1018,1059,1068,1037,1068,1109
ユガ・クシェートラ,イニシエートポイント,20,10650,,,,,,,,,,,,,,,,,,,,,,,,,,,,25.8,,,,,,,,,,20.5,,,,,,,,,,,,,,イニシエートポイント,,,,,,,24.9,,,,15.7,,,,,,,,,,,,,イニシエートポイント,,,,,,,,,,,,,,,,,,,,,,,,イニシエートポイント,735,"18,888","9,880",785,835,749,808,882,858,908,932,845,771,882,895,871,932,918,918,955,968,945,968,1005
ユガ・クシェートラ,ビーチュ,20,7989,,,,30.5,,,,,,,,,,,,15.1,,,,,,,,,,,,19.8,,,,,,,,,,,,,,,,,,,,,,,,ビーチュ,,,,,,,30.3,,,,,,10.3,,,,,,,,,,,ビーチュ,,,,,,,,,,,,,,,,,,,,,9.0,,,ビーチュ,735,"18,888","9,880",785,835,749,808,882,858,908,932,845,771,882,895,871,932,918,918,955,968,945,968,1005
ユガ・クシェートラ,隠遁窟,21,12784,,,,,,,,,,,,,,,,,,,,,,,,,,,,25.1,,,,,,,,,,,,19.6,,,,,,,,,,,,隠遁窟,,,,,,,24.7,,,,,,,15.2,,,,,,,,,,隠遁窟,,,,,,,,,,,,,,,,,,,,,,,,隠遁窟,755,"20,056","10,140",805,855,770,830,906,880,930,956,868,792,906,918,892,956,943,943,981,993,968,993,1031
ユガ・クシェートラ,北の霊峰,21,12972,,,,30.1,29.3,,,,,,,,,,,,,,,,,,,,,,,,,,,,,,,,,,,,,,,,,,,10.0,,,,北の霊峰,,,,,,,25.1,,,,,,,,,,,,4.2,,,,,北の霊峰,,,,,,,,,,,,,,,,,,,4.7,,,,,北の霊峰,755,"20,056","10,140",805,855,770,830,906,880,930,956,868,792,906,918,892,956,943,943,981,993,968,993,1031
ユガ・クシェートラ,西の断層,21,29775,,,,,,,,,,,,,,,,,,,,,,,,,,,,25.7,,,,,,19.7,,,,,,,,,,,,,,,,,,西の断層,,,,,,,25.2,,,,,24.0,,,,,,,,,,,,西の断層,,,,,,,,,,,,,,,,,,,,14.1,,,,西の断層,755,"20,056","10,140",805,855,770,830,906,880,930,956,868,792,906,918,892,956,943,943,981,993,968,993,1031
ユガ・クシェートラ,ディーヴァール,21,98108,,,,,,,,,,,,,,,,,,,,,,,,,,,,25.4,,,,,,,,,,,,,,,,,,,,12.3,,,,ディーヴァール,,,,,,,30.2,,,,,,,,,,,,4.1,,,,,ディーヴァール,,,,,,,,,,,,,,,,,,,4.5,,,,,ディーヴァール,775,"21,256","10,400",825,875,790,852,930,902,952,980,891,813,930,941,913,980,968,968,1007,1018,991,1018,1057
ユガ・クシェートラ,神の空岩跡,21,25642,,,,,,,,,,,,,,,,,,,,,,,,,,,,40.6,,,,,,,,,,,,,,,,,,,,,,,,神の空岩跡,,,,,,,39.9,,,,,,,,5.2,,,,,,,,,神の空岩跡,,,,,,,,,,,,,,,,,,,,,,,,神の空岩跡,795,"21,256","10,400",845,895,810,874,954,924,974,1004,914,834,954,964,934,1004,993,993,1033,1043,1014,1043,1083
ユガ・クシェートラ,南の町,21,12925,,,,29.2,25.8,,,,,,,,,,,,,,,,,,,,,,,18.8,,,,,,,,,,,,,,,,,,,,,,,,南の町,,,,,,,32.1,,,,,,,,9.6,,,,,,,,,南の町,,,,,,,,,,,,,,,,,,,,,,,,南の町,795,"22,488","10,660",845,895,810,874,954,924,974,1004,914,834,954,964,934,1004,993,993,1033,1043,1014,1043,1083
ユガ・クシェートラ,無窮の地,21,22524,,,,29.9,,,,,,,,,,,,15.3,,,,,,,,,,,,,,,,,,,,,,,,,,,,,,,,10.3,,,,無窮の地,,,,,,,,,,,,,14.8,,,,,,4.3,,,,,無窮の地,,,,,,,,,,,,,,,,,,,4.5,,12.8,,,無窮の地,815,"23,752","10,920",865,915,831,896,978,946,996,1028,937,855,978,987,955,1028,1018,1018,1059,1068,1037,1068,1109
ユガ・クシェートラ,東の花園,21,6218,,,,,,,,,,,,,,,,19.7,,,,,,,,,,,,,,,,,,,,,,,,,19.1,,,,,,,,,,,東の花園,,,,,,,,,,,,,40.3,,,,,,,,,,,東の花園,,,,,,,,,,,,,,,,,,,,,32.9,,,東の花園,815,"23,752","10,920",865,915,831,896,978,946,996,1028,937,855,978,987,955,1028,1018,1018,1059,1068,1037,1068,1109
エリア,クエスト名,AP,サンプル数,銅素材,,,,,,,,,,,銀素材,,,,,,,,,,,,,,,,,,,,,,金素材,,,,,,,,,,,,,,,,,,クエスト名,輝石,,,,,,,,魔石,,,,,,,,秘石,,,,,,,クエスト名,ピース,,,,,,,,モニュ,,,,,,,,猛火,,,,,,,クエスト名,基本絆P,EXP,QP,肖像,,ランチタイム,,,肖像+ランチタイム,,,ティータイム（茶）,,,肖像+ﾌﾚﾃｨｰﾀｲﾑ凸,,,ランチ+茶凸,,,3種,,,
,,,,証,骨,牙,塵,鎖,毒針,髄液,鉄杭,火薬,小鐘,,種,ﾗﾝﾀﾝ,八連,蛇玉,羽根,歯車,頁,ホム,蹄鉄,勲章,貝殻,勾玉,結氷,指輪,ｵｰﾛﾗ,鈴,矢尻,冠,霊子,糸玉,鱗粉,,爪,心臓,逆鱗,根,幼角,涙石,脂,ﾗﾝﾌﾟ,ｽｶﾗﾍﾞ,産毛,胆石,神酒,炉心,鏡,卵,ｶｹﾗ,実,鬼灯,,剣,弓,槍,騎,術,殺,狂,,剣,弓,槍,騎,術,殺,狂,,剣,弓,槍,騎,術,殺,狂,,剣,弓,槍,騎,術,殺,狂,,剣,弓,槍,騎,術,殺,狂,,剣,弓,槍,騎,術,殺,狂,,,,,肖像1,肖像2,未凸1,凸1,凸2,像1+凸1,像2+凸1,像1+凸2,ﾌﾚ凸1,自凸1,凸2,像1+茶1,像2+茶1,像1+茶2,ラ+ﾌﾚ茶1,ラ2+自茶,ラ1+茶2,像+ﾗ+ﾌﾚ茶,像2+ﾗ+自茶,像+ﾗ2+自茶,像+ﾗ+茶2
アトランティス,セーリングポイント,21,60670,,,,,,,,,,,,,,,,,,,,,,25.5,,,,,,,,,,,,,,,,,,,,,,,,,,,11.8,,,セーリングポイント,36.2,,,,,,,,,,,,,,,,,,,4.1,,,,セーリングポイント,,,,,,,,,,,,,,,,,,,,4.7,,,,セーリングポイント,755,"20,056","10,140",805,855,770,830,906,880,930,956,868,792,906,918,892,956,943,943,981,993,968,993,1031
アトランティス,ヘスティア島,21,4184,,,,,,,,,,,,,,,,,,,,,,,,,,,,,25.0,,,,,,,,,,,,,,,,11.9,,,,,,,ヘスティア島,,,,,,,,,,,,,,19.8,19.9,,,3.8,,,,,,ヘスティア島,,,,,,,,,,,,,,,,,,5.0,,,,,,ヘスティア島,755,"20,056","10,140",805,855,770,830,906,880,930,956,868,792,906,918,892,956,943,943,981,993,968,993,1031
アトランティス,ヘカテ島,21,7755,,,,,,,,,,,,,,,,,,,,,,,,,,,,,25.1,,,,,20.2,,,,,,,,,,,,,,,,,,ヘカテ島,,,,,,,,,,,,,,,47.1,,,,,,,,,ヘカテ島,,,,,,,,,,,,,,,,,,,,,,,4.0,ヘカテ島,755,"20,056","10,140",805,855,770,830,906,880,930,956,868,792,906,918,892,956,943,943,981,993,968,993,1031
アトランティス,デイモス島,21,10456,,,,,,,,,,,,,,,,,,,,,,,,,,,,,26.7,,,,,,,,,,,,,12.0,,,,,,,,,,デイモス島,,,,,,,,,35.2,,,,,,,,,,,,5.8,,,デイモス島,,,,,,,,,,,,,,,,,,,,,8.6,,,デイモス島,755,"20,056","10,140",805,855,770,830,906,880,930,956,868,792,906,918,892,956,943,943,981,993,968,993,1031
アトランティス,アストライア島,21,40811,,,,30.1,,,,,,,,,,,,,,,,,,,,,,,,,19.7,,,,,,,,10.0,,,,,,,,,,,,,,,アストライア島,,,,,,,,,30.1,,,,,,,,3.2,,,,,,,アストライア島,,,,,,,,,,,,,,,,,4.9,,,,,,,アストライア島,775,"21,256","10,400",825,875,790,852,930,902,952,980,891,813,930,941,913,980,968,968,1007,1018,991,1018,1057
アトランティス,テティス島,21,1773,,,,,,,,,,,,,,,24.5,,,,,,,,,,,,,,,,,,,,,,,,,,,,,,,18.2,,,,,,テティス島,,,,,,,,,,,12.9,,45.8,,,,,,,,,,,テティス島,,,,,,,,,,,,,,,,,,,6.4,,,,,テティス島,775,"21,256","10,400",825,875,790,852,930,902,952,980,891,813,930,941,913,980,968,968,1007,1018,991,1018,1057
アトランティス,エリス島,21,4211,,,,30.4,,,,,,,,,,,,,,,,,,,,,,,,,19.9,,,,,,,,,,,,,,,,,15.5,,,,,,エリス島,,,,,,,,,,,8.2,,,,27.8,,,,,,,,,エリス島,,,,,,,,,,,,,,,,,,,4.5,,,,,エリス島,795,"22,488","10,660",845,895,810,874,954,924,974,1004,914,834,954,964,934,1004,993,993,1033,1043,1014,1043,1083
アトランティス,ネメシス島,21,97416,,,,,,,,,,,,,,,,,,,,,,,,,,,,,25.4,,,,,,,,,,,,,,,,,,,,12.0,,,ネメシス島,,,,,,,,,,,,,,,34.9,,,,,4.0,,,,ネメシス島,,,,,,,,,,,,,,,,,,,,4.4,,,,ネメシス島,815,"23,752","10,920",865,915,831,896,978,946,996,1028,937,855,978,987,955,1028,1018,1018,1059,1068,1037,1068,1109
アトランティス,タナトス島,21,4841,,,,,,,,,,,,,,,,,,,,,,,,,,,,,38.2,,,,,,,,,,,,,,,,,,,,,,,タナトス島,,,,,,,,,13.9,,,,,14.0,14.8,,,,,,,,,タナトス島,,,,,,,,,,,,,,,,,,,,,,,,タナトス島,815,"23,752","10,920",865,915,831,896,978,946,996,1028,937,855,978,987,955,1028,1018,1018,1059,1068,1037,1068,1109
オリュンポス,グライディングポイント,21,24909,,,,,,,,,,,,,,,25.3,,,,,,,,,,,,,,,,,,,20.4,,,,,,,,,,,,,,,,,,グライディングポイント,,,,,,,,,,,,,54.8,,7.6,,,,,,,,,グライディングポイント,,,,,,,,,,,,,,,,,,,,,,,4.4,グライディングポイント,755,"20,056","10,140",805,855,770,830,906,880,930,956,868,792,906,918,892,956,943,943,981,993,968,993,1031
オリュンポス,星間都市西部,21,31584,,,,,,,,,,,,,,,,,,,,,,,,,,,,,,,,,,,,,,,,,,,,,,20.2,,,,19.9,,星間都市西部,,,,,,,,,,,32.0,,,,,,,,,,,,,星間都市西部,,,,,,,,,,,,,,,,,,,18.9,,,,,星間都市西部,755,"20,056","10,140",805,855,770,830,906,880,930,956,868,792,906,918,892,956,943,943,981,993,968,993,1031
オリュンポス,星間都市南部,21,70078,,,,,,,,,,,,,,,,,,,,,,,,,,,,,,25.3,,,,,,,,,,,,,,,,,,,,20.1,,星間都市南部,,,,,,,,,,,15.6,,,33.6,,,,,,,,,,星間都市南部,,,,,,,,,,,,,,,,,,,8.3,,,,,星間都市南部,755,"20,056","10,140",805,855,770,830,906,880,930,956,868,792,906,918,892,956,943,943,981,993,968,993,1031
オリュンポス,星間都市東部,21,9631,,,,,,,,,,,,,,25.8,,,,,,,,,,,,,,,,,,,,,,,,,,,,,,,,,,,,20.3,,星間都市東部,,,,,,,23.7,,,,15.5,,,,,,,,,,,,5.8,星間都市東部,,,,,,,,,,,,,,,,,,,7.8,,,,,星間都市東部,755,"20,056","10,140",805,855,770,830,906,880,930,956,868,792,906,918,892,956,943,943,981,993,968,993,1031
オリュンポス,大工房,21,6743,,,,29.8,,,,,,,,,,,,,,,,,,,,,,,,,,19.2,,,,,,,,,,,,,,,9.8,,,,,,,大工房,,,,,,,,,,,,,,31.3,,,,3.9,,,,,,大工房,,,,,,,,,,,,,,,,,,4.6,,,,,,大工房,775,"21,256","10,400",825,875,790,852,930,902,952,980,891,813,930,941,913,980,968,968,1007,1018,991,1018,1057
オリュンポス,破神同盟基地,21,3652,,,,,,,,,,,,,,,,,,,,,,,,,,,,,,24.7,,,,,,,,,,,,,,,,19.7,,,,,,破神同盟基地,,,,,,,,,,,7.5,,,34.7,,,,,,,,,,破神同盟基地,,,,,,,,,,,,,,,,,,,3.6,,,,,破神同盟基地,775,"21,256","10,400",825,875,790,852,930,902,952,980,891,813,930,941,913,980,968,968,1007,1018,991,1018,1057
オリュンポス,祭壇街,21,4599,,,,,,,,,,,,,,,25.3,,,,,,,,,,,,,,,,,,,,,,,,,,,,,,,,,,,17.0,,祭壇街,,,,,,,,,,,12.4,,50.1,,,,,,,,,,,祭壇街,,,,,,,,,,,,,,,,,,,9.5,,,,,祭壇街,775,"21,256","10,400",825,875,790,852,930,902,952,980,891,813,930,941,913,980,968,968,1007,1018,991,1018,1057
オリュンポス,空中庭園,21,40460,,,,,,,,,,,,,,,,,,,,,,,,,,,,,,25.2,,,,,,,,,,,,,,,,,,,12.1,,,空中庭園,,,,,,,,,,,,,,33.9,,,,,,4.1,,,,空中庭園,,,,,,,,,,,,,,,,,,,,4.0,,,,空中庭園,795,"22,488","10,660",845,895,810,874,954,924,974,1004,914,834,954,964,934,1004,993,993,1033,1043,1014,1043,1083
オリュンポス,機神回廊,21,3329,,,,,,,,,,,,,,,26.1,,,,,,,,,,,,,,,,,,,,,,,,,,,,,,,,,,12.5,,,機神回廊,,,,,,,,,,,,,55.4,,,,,,,4.5,,,,機神回廊,,,,,,,,,,,,,,,,,,,,3.6,,,,機神回廊,795,"22,488","10,660",845,895,810,874,954,924,974,1004,914,834,954,964,934,1004,993,993,1033,1043,1014,1043,1083
オリュンポス,大祭壇,21,2211,,,,30.9,,,,,,,,,,,20.4,,,,,,,,,,,,,,,19.0,,,,,,,,,,,,,,,,,,,,,,大祭壇,,,,,,,,,,,,,17.2,31.0,,,,,,,,,,大祭壇,,,,,,,,,,,,,,,,,,,,,,,,大祭壇,815,"23,752","10,920",865,915,831,896,978,946,996,1028,937,855,978,987,955,1028,1018,1018,1059,1068,1037,1068,1109
オリュンポス,地下機構帯・外周部,21,9834,,,,,,,,,,,,,,,,,,,,,,,,,,,,,,39.6,,,,,,,,,,,,,,,,,,,,,,地下機構帯・外周部,,,,,,,,,,,,,,43.2,,,,,,,,,,地下機構帯・外周部,,,,,,,,,,,,,,,,,,,,,,,,地下機構帯・外周部,815,"23,752","10,920",865,915,831,896,978,946,996,1028,937,855,978,987,955,1028,1018,1018,1059,1068,1037,1068,1109
エリア,クエスト名,AP,サンプル数,銅素材,,,,,,,,,,,銀素材,,,,,,,,,,,,,,,,,,,,,,金素材,,,,,,,,,,,,,,,,,,クエスト名,輝石,,,,,,,,魔石,,,,,,,,秘石,,,,,,,クエスト名,ピース,,,,,,,,モニュ,,,,,,,,猛火,,,,,,,クエスト名,基本絆P,EXP,QP,肖像,,ランチタイム,,,肖像+ランチタイム,,,ティータイム（茶）,,,肖像+ﾌﾚﾃｨｰﾀｲﾑ凸,,,ランチ+茶凸,,,3種,,,
,,,,証,骨,牙,塵,鎖,毒針,髄液,鉄杭,火薬,小鐘,,種,ﾗﾝﾀﾝ,八連,蛇玉,羽根,歯車,頁,ホム,蹄鉄,勲章,貝殻,勾玉,結氷,指輪,ｵｰﾛﾗ,鈴,矢尻,冠,霊子,糸玉,鱗粉,,爪,心臓,逆鱗,根,幼角,涙石,脂,ﾗﾝﾌﾟ,ｽｶﾗﾍﾞ,産毛,胆石,神酒,炉心,鏡,卵,ｶｹﾗ,実,鬼灯,,剣,弓,槍,騎,術,殺,狂,,剣,弓,槍,騎,術,殺,狂,,剣,弓,槍,騎,術,殺,狂,,剣,弓,槍,騎,術,殺,狂,,剣,弓,槍,騎,術,殺,狂,,剣,弓,槍,騎,術,殺,狂,,,,,肖像1,肖像2,未凸1,凸1,凸2,像1+凸1,像2+凸1,像1+凸2,ﾌﾚ凸1,自凸1,凸2,像1+茶1,像2+茶1,像1+茶2,ラ+ﾌﾚ茶1,ラ2+自茶,ラ1+茶2,像+ﾗ+ﾌﾚ茶,像2+ﾗ+自茶,像+ﾗ2+自茶,像+ﾗ+茶2
平安京,七条四坊,21,2580,,,,,,,,,,,,,,,,,,,,,,,,,,,,,,,24.9,,,,,,,,,,,,,,,,13.4,,,,,七条四坊,,,,,,,,,,,30.0,,,,,,,,,,,3.7,,七条四坊,,,,,,,,,,,,,,,,,,,,,,4.3,,七条四坊,755,"20,056","10,140",805,855,770,830,906,880,930,956,868,792,906,918,892,956,943,943,981,993,968,993,1031
平安京,七条二坊,21,1726,,,,28.2,,,,,,,,,,,,,,,,,,,,,,,,,,,20.6,,,,,,,,,14.7,,,,,,,,,,,,七条二坊,,,,,,,,,,,25.3,,,8.2,,,,,,,,,,七条二坊,,,,,,,,,,,,,,,,,,,,,,,,七条二坊,765,"20,652",,815,865,780,841,918,891,941,968,879,803,918,929,903,968,956,956,994,1006,979,1006,1044
平安京,六条大路,21,3661,,,,,,,,,,,,,,,,,,,,,,,28.1,,,,,,,,24.9,,,,,,,,,,,,,,,,,,,,,六条大路,,,,,,,,,24.7,,19.3,,,,,,,,,,,,,六条大路,,,,,,,,,,,,,,,,,21.2,,,,,,,六条大路,765,"20,652",,815,865,780,841,918,891,941,968,879,803,918,929,903,968,956,956,994,1006,979,1006,1044
平安京,貴族邸,21,4139,,,,,,,,,,,,,,,,,,24.8,,,,,,,,,,,,,,,,,,,,,,,,,,,,,11.8,,,,,貴族邸,,,,,,,,,,,,,40.9,,,,,,,,,4.2,,貴族邸,,,,,,,,,,,,,,,,,,,,,,6.0,,貴族邸,775,"21,256","10,400",825,875,790,852,930,902,952,980,891,813,930,941,913,980,968,968,1007,1018,991,1018,1057
平安京,朱雀門,21,20363,,,,,,,,,,,,,,,,,,,,,,,25.7,,,,,,,,,,,,,,,,,,,,,,,,,,,,12.4,朱雀門,,,,,,,,,35.5,,,,,,,,,,,,,,3.9,朱雀門,,,,,,,,,,,,,,,,,24.0,,,,,,5.2,朱雀門,775,"21,256","10,400",825,875,790,852,930,902,952,980,891,813,930,941,913,980,968,968,1007,1018,991,1018,1057
平安京,平安宮,21,5489,,,,,,,,,,,,,,,,,,,,,,,24.7,,,,,,,,,,,,,,,,,,,,,,,,11.4,,,,,平安宮,,,,,,,,,38.9,,,,,,,,,,,,,3.4,,平安宮,,,,,,,,,,,,,,,,,18.1,,,,,3.5,,平安宮,785,"21,868",,835,885,800,863,942,913,963,992,902,824,942,952,924,992,981,981,1020,1031,1002,1031,1070
平安京,朱雀大路,21,3673,,,,,,,,,,,,,25.6,,,,,,,,,,,,,,,,,,25.6,,,,,,,,,,,,,,,,,,,,,朱雀大路,,,,,,40.8,,,,,19.0,,,,,,,,,,,,,朱雀大路,,,,,,,,,,,,,,,,,,,,,,,,朱雀大路,795,"22,488","10,660",845,895,810,874,954,924,974,1004,914,834,954,964,934,1004,993,993,1033,1043,1014,1043,1083
平安京,稲荷神社,21,1003,,,,,,,,,,,,,,,,,23.4,,,,,,,,,,,,,,,,,,,,,,,,,,,,,,,12.8,,,,稲荷神社,23.5,,,,,,,,18.3,,,,,,,,,,2.8,,,,,稲荷神社,,,,,,,,,,,,,,,,,,,7.3,,,,,稲荷神社,795,"22,488","10,660",845,895,810,874,954,924,974,1004,914,834,954,964,934,1004,993,993,1033,1043,1014,1043,1083
平安京,大宮大路,21,15637,,30.1,,30.3,,,,,,,,,,,,,,,,,,,,,,,,,,,,,,,,,,,,,,,,,,,,,,,10.5,大宮大路,,,,,,,15.2,,,,,,,,,,,,,,,,4.4,大宮大路,,,,,,,,,,,,,,,,,,,,,,,5.3,大宮大路,795,"22,488","10,660",845,895,810,874,954,924,974,1004,914,834,954,964,934,1004,993,993,1033,1043,1014,1043,1083
平安京,頼光の屋敷,21,3558,,,40.1,,,,,,,,,,,,,,,,,,,,,,,,,,,,,,,,,,,,,,,,,,,,12.3,,,,,頼光の屋敷,,,,,,39.1,,,,,,,,,,,,,,,,4.3,,頼光の屋敷,,,,,,,,,,,,,,,,,,,,,,5.0,,頼光の屋敷,805,"23,116",,855,905,821,885,966,935,985,1016,925,845,966,975,945,1016,1006,1006,1046,1056,1025,1056,1096
平安京,五条の橋,21,3144,,,,,,,,,,,,,,,,,,,,,,,,,,,,,,,40.2,,,,,,,,,,,,,,,,,,,,,五条の橋,,,,,,,,,,,45.4,,,,,,,,,,,,,五条の橋,,,,,,,,,,,,,,,,,,,,,,,,五条の橋,805,"23,116",,855,905,821,885,966,935,985,1016,925,845,966,975,945,1016,1006,1006,1046,1056,1025,1056,1096
平安京,大江山,21,9931,,41.3,,,,,,,,,,,,,,,,,,,,,,,,,,,,,,,,,,,,,,,,,,,,,,,,,11.5,大江山,,,,,,,29.4,,,,,,,,,,,,,,,,4.1,大江山,,,,,,,,,,,,,,,,,,,,,,,3.6,大江山,815,"23,752","10,920",865,915,831,896,978,946,996,1028,937,855,978,987,955,1028,1018,1018,1059,1068,1037,1068,1109
平安京,三条三坊,21,127573,,,,,,,,,,,,,,,,,,,,,,,,,,,,,,,25.3,,,,,,,,,,,,,,,,,,,,12.2,三条三坊,,,,,,,,,,,30.4,,,,,,,,,,,,4.2,三条三坊,,,,,,,,,,,,,,,,,,,,,,,8.2,三条三坊,815,"23,752","10,920",865,915,831,896,978,946,996,1028,937,855,978,987,955,1028,1018,1018,1059,1068,1037,1068,1109
エリア,クエスト名,AP,サンプル数,銅素材,,,,,,,,,,,銀素材,,,,,,,,,,,,,,,,,,,,,,金素材,,,,,,,,,,,,,,,,,,クエスト名,輝石,,,,,,,,魔石,,,,,,,,秘石,,,,,,,クエスト名,ピース,,,,,,,,モニュ,,,,,,,,猛火,,,,,,,クエスト名,基本絆P,EXP,QP,肖像,,ランチタイム,,,肖像+ランチタイム,,,ティータイム（茶）,,,肖像+ﾌﾚﾃｨｰﾀｲﾑ凸,,,ランチ+茶凸,,,3種,,,
,,,,証,骨,牙,塵,鎖,毒針,髄液,鉄杭,火薬,小鐘,,種,ﾗﾝﾀﾝ,八連,蛇玉,羽根,歯車,頁,ホム,蹄鉄,勲章,貝殻,勾玉,結氷,指輪,ｵｰﾛﾗ,鈴,矢尻,冠,霊子,糸玉,鱗粉,,爪,心臓,逆鱗,根,幼角,涙石,脂,ﾗﾝﾌﾟ,ｽｶﾗﾍﾞ,産毛,胆石,神酒,炉心,鏡,卵,ｶｹﾗ,実,,,剣,弓,槍,騎,術,殺,狂,,剣,弓,槍,騎,術,殺,狂,,剣,弓,槍,騎,術,殺,狂,,剣,弓,槍,騎,術,殺,狂,,剣,弓,槍,騎,術,殺,狂,,剣,弓,槍,騎,術,殺,狂,,,,,肖像1,肖像2,未凸1,凸1,凸2,像1+凸1,像2+凸1,像1+凸2,ﾌﾚ凸1,自凸1,凸2,像1+茶1,像2+茶1,像1+茶2,ラ+ﾌﾚ茶1,ラ2+自茶,ラ1+茶2,像+ﾗ+ﾌﾚ茶,像2+ﾗ+自茶,像+ﾗ2+自茶,像+ﾗ+茶2
,,,,,,,,,,,,,,,,,,,,,,,,,,,,,,,,,,,,,,,,,,,,,,,,,,,,,,,,,,,,,,,,,,,,,,,,,,,,,,,,,,,,,,,,,,,,,,,,,,,,,,,,,,,,,,,,,,,,,,,,,,,,,,,
,,,,※各dataシートに入力された数字から自動計算。,,,,,,,,,,,,,,,,,,,,,,,,,,,,,,,,,,,,,,,,,,,,,,,,,,,,,,,,,,,,,,,,,,,,,,,,,,,,,,,,,,,,,,,,,,,,,,,,,,,,,,,,,,,,,,,,,,,,,,,,,,,
,,,,※表内数字の単位は％,,,,,,,,,,,,,,,,,,,,,,,,,,,,,,,,,,,,,,,,,,,,,,,,,,,,,,,,,,,,,,,,,,,,,,,,,,,,,,,,,,,,,,,,,,,,,,,,,,,,,,,,,,,,,,,,,,,,,,,,,,,
,,,,※修練場はプチリニューアルが行われた2016/09/21以降のもののみ集計。,,,,,,,,,,,,,,,,,,,,,,,,,,,,,,,,,,,,,,,,,,,,,,,,,,,,,,,,,,,,,,,,,,,,,,,,,,,,,,,,,,,,,,,,,,,,,,,,,,,,,,,,,,,,,,,,,,,,,,,,,,,
HOME,,,,,,,,,,,,,,,,,,,,,,,,,,,,,,,,,,,,,,,,,,,,,,,,,,,,,,,,,,,,,,,,,,,,,,,,,,,,,,,,,,,,,,,,,,,,,,,,,,,,,,,,,,,,,,,,,,,,,,,,,,,,,,,